pdb_id,resolution,deposited_waters,polymer_entities,title
6PQK,1.2,420,2,Cryogenic crystal structure of barnase A43C/S80C bound to barstar C40A/S59C/A67C/C82A
2C4B,1.3,509,1,Inhibitor cystine knot protein McoEeTI fused to the catalytically inactive barnase mutant H102A
1A2P,1.5,415,1,BARNASE WILDTYPE STRUCTURE AT 1.5 ANGSTROMS RESOLUTION
2ZA4,1.58,448,2,Crystal Structural Analysis of Barnase-barstar Complex
1B20,1.7,488,1,DELETION OF A BURIED SALT-BRIDGE IN BARNASE
1BRN,1.76,229,1,SUBSITE BINDING IN AN RNASE: STRUCTURE OF A BARNASE-TETRANUCLEOTIDE COMPLEX AT 1.76 ANGSTROMS RESOLUTION
1B2X,1.8,380,1,BARNASE WILDTYPE STRUCTURE AT PH 7.5 FROM A CRYO_COOLED CRYSTAL AT 100K
1B2S,1.82,582,2,STRUCTURAL RESPONSE TO MUTATION AT A PROTEIN-PROTEIN INTERFACE
1BRI,1.9,269,1,BARNASE MUTANT WITH ILE 76 REPLACED BY ALA
1RNB,1.9,96,1,CRYSTAL STRUCTURE OF A BARNASE-D(*GP*C) COMPLEX AT 1.9 ANGSTROMS RESOLUTION
1X1Y,1.9,566,2,Water-mediate interaction at aprotein-protein interface
3KCH,1.94,256,1,Baranase crosslinked by glutaraldehyde
2F5M,1.95,205,1,Cross-linked barnase soaked in bromo-ethanol
2F56,1.955,236,1,Barnase cross-linked with glutaraldehyde soaked in 6M urea
1B21,2.0,339,1,DELETION OF A BURIED SALT BRIDGE IN BARNASE
1BNF,2.0,228,1,BARNASE T70C/S92C DISULFIDE MUTANT
1BRH,2.0,274,1,BARNASE MUTANT WITH LEU 14 REPLACED BY ALA
1BRJ,2.0,245,1,BARNASE MUTANT WITH ILE 88 REPLACED BY ALA
1BRK,2.0,322,1,BARNASE MUTANT WITH ILE 96 REPLACED BY ALA
1BRS,2.0,513,2,PROTEIN-PROTEIN RECOGNITION: CRYSTAL STRUCTURAL ANALYSIS OF A BARNASE-BARSTAR COMPLEX AT 2.0-A RESOLUTION
1BSA,2.0,258,1,CRYSTAL STRUCTURAL ANALYSIS OF MUTATIONS IN THE HYDROPHOBIC CORES OF BARNASE
1BSB,2.0,258,1,CRYSTAL STRUCTURAL ANALYSIS OF MUTATIONS IN THE HYDROPHOBIC CORES OF BARNASE
1BSC,2.0,237,1,CRYSTAL STRUCTURAL ANALYSIS OF MUTATIONS IN THE HYDROPHOBIC CORES OF BARNASE
1BSE,2.0,189,1,CRYSTAL STRUCTURAL ANALYSIS OF MUTATIONS IN THE HYDROPHOBIC CORES OF BARNASE
2F5W,2.001,157,1,Cross-linked barnase soaked in 3 M thiourea
1B2Z,2.03,354,1,DELETION OF A BURIED SALT BRIDGE IN BARNASE
1BNS,2.05,224,1,STRUCTURAL STUDIES OF BARNASE MUTANTS
1B27,2.1,512,2,STRUCTURAL RESPONSE TO MUTATION AT A PROTEIN-PROTEIN INTERFACE
1B2U,2.1,413,2,STRUCTURAL RESPONSE TO MUTATION AT A PROTEIN-PROTEIN INTERFACE
1BNE,2.1,230,1,BARNASE A43C/S80C DISULFIDE MUTANT
1BNG,2.1,216,1,BARNASE S85C/H102C DISULFIDE MUTANT
1BNI,2.1,216,1,BARNASE WILDTYPE STRUCTURE AT PH 6.0
1BNJ,2.1,219,1,BARNASE WILDTYPE STRUCTURE AT PH 9.0
1X1W,2.1,554,2,Water-mediate interaction at aprotein-protein interface
2F4Y,2.15,302,1,Barnase cross-linked with glutaraldehyde
3Q3F,2.169,260,1,Engineering Domain-Swapped Binding Interfaces by Mutually Exclusive Folding: Insertion of Ubiquitin into position 103 of Barnase
1BAN,2.2,266,1,THE CONTRIBUTION OF BURIED HYDROGEN BONDS TO PROTEIN STABILITY: THE CRYSTAL STRUCTURES OF TWO BARNASE MUTANTS
1BAO,2.2,213,1,THE CONTRIBUTION OF BURIED HYDROGEN BONDS TO PROTEIN STABILITY: THE CRYSTAL STRUCTURES OF TWO BARNASE MUTANTS
1BRG,2.2,225,1,CRYSTALLOGRAPHIC ANALYSIS OF PHE->LEU SUBSTITUTION IN THE HYDROPHOBIC CORE OF BARNASE
1YVS,2.2,102,1,Trimeric domain swapped barnase
3DA7,2.25,372,2,"A conformationally strained, circular permutant of barnase"
7MRX,2.29,361,2,Cryogenic crystal structure of barnase A43C/S80C bound to barstar C40A/C82A
1BSD,2.3,265,1,CRYSTAL STRUCTURAL ANALYSIS OF MUTATIONS IN THE HYDROPHOBIC CORES OF BARNASE
1X1U,2.3,498,2,Water-mediate interaction at aprotein-protein interface
1X1X,2.3,437,2,Water-mediate interaction at aprotein-protein interface
1B3S,2.39,206,2,STRUCTURAL RESPONSE TO MUTATION AT A PROTEIN-PROTEIN INTERFACE
1BGS,2.6,199,2,"RECOGNITION BETWEEN A BACTERIAL RIBONUCLEASE, BARNASE, AND ITS NATURAL INHIBITOR, BARSTAR"
