site,occupancy_fraction,mean_score,n_lining,buried_fraction,group
1,1.0,-1.085,2,0.0,both
2,0.04,1.201,1,0.0,neither
3,0.04,0.43,1,0.0,neither
4,0.02,1.604,1,0.0,neither
5,1.0,-1.1995,2,1.0,both
6,1.0,-1.3499999999999999,3,0.0,both
7,1.0,-1.085,2,0.0,both
8,1.0,-1.3499999999999999,3,0.0,both
9,1.0,-1.085,2,0.0,both
10,1.0,-1.354,3,0.6666666666666666,both
11,1.0,-1.0343333333333333,3,0.3333333333333333,both
12,1.0,-1.407,2,0.0,both
13,1.0,-1.354,3,0.6666666666666666,both
14,0.02,0.868,1,0.0,neither
15,1.0,-1.0343333333333333,3,0.3333333333333333,both
16,1.0,-1.0343333333333333,3,0.3333333333333333,both
17,1.0,-1.354,3,0.6666666666666666,both
18,0.04,0.248,1,0.0,conserved_only
19,1.0,-1.407,2,0.0,both
20,1.0,-1.085,2,0.0,both
21,1.0,-1.085,2,0.0,both
22,0.04,2.686,1,0.0,neither
23,0.04,2.686,1,0.0,neither
24,1.0,-1.0343333333333333,3,0.3333333333333333,both
25,1.0,-1.1995,2,1.0,both
26,1.0,-1.3499999999999999,3,0.0,both
27,1.0,-1.354,3,0.6666666666666666,both
28,1.0,-1.0343333333333333,3,0.3333333333333333,both
29,1.0,-1.0343333333333333,3,0.3333333333333333,both
30,1.0,-1.1995,2,1.0,both
31,1.0,-1.085,2,0.0,both
32,1.0,-1.354,3,0.6666666666666666,both
33,1.0,-0.9466000000000001,5,0.2,both
34,1.0,-1.0343333333333333,3,0.3333333333333333,both
35,1.0,-1.0343333333333333,3,0.3333333333333333,both
36,1.0,-1.407,2,0.0,both
37,1.0,-1.354,3,0.6666666666666666,both
38,0.04,-1.25,4,0.5,conserved_only
39,1.0,-1.1995,2,1.0,both
40,1.0,-1.0343333333333333,3,0.3333333333333333,both
41,1.0,-1.0343333333333333,3,0.3333333333333333,both
42,1.0,-1.3499999999999999,3,0.0,both
43,0.12,0.2793333333333333,3,0.0,neither
44,1.0,-0.9466000000000001,5,0.2,both
45,1.0,-1.1995,2,1.0,both
46,1.0,-1.407,2,0.0,both
47,1.0,-1.407,2,0.0,both
48,1.0,-1.354,3,0.6666666666666666,both
49,1.0,-1.354,3,0.6666666666666666,both
50,1.0,-1.354,3,0.6666666666666666,both
51,0.14,0.829,1,0.0,neither
52,1.0,-0.9466000000000001,5,0.2,both
53,1.0,-1.1995,2,1.0,both
54,1.0,-1.085,2,0.0,both
56,1.0,-1.1995,2,1.0,both
57,1.0,-1.3499999999999999,3,0.0,both
58,1.0,-1.3499999999999999,3,0.0,both
59,1.0,-1.3499999999999999,3,0.0,both
60,1.0,-1.407,2,0.0,both
61,1.0,-1.407,2,0.0,both
62,1.0,-1.085,2,0.0,both
63,1.0,-1.085,2,0.0,both
64,1.0,-1.085,2,0.0,both
65,1.0,-1.085,2,0.0,both
66,0.2,0.91725,4,0.0,neither
67,0.24,0.91725,4,0.0,neither
68,0.36,0.829,1,0.0,neither
69,1.0,-1.0343333333333333,3,0.3333333333333333,both
70,1.0,-1.085,2,0.0,both
71,1.0,-1.354,3,0.6666666666666666,both
72,1.0,-1.354,3,0.6666666666666666,both
73,1.0,-1.1995,2,1.0,both
74,1.0,-1.085,2,0.0,both
75,1.0,-1.085,2,0.0,both
76,1.0,-1.354,3,0.6666666666666666,both
77,1.0,0.41159999999999997,5,0.4,recurrent_only
78,0.36,0.829,1,0.0,neither
79,1.0,-1.0343333333333333,3,0.3333333333333333,both
80,1.0,-1.0343333333333333,3,0.3333333333333333,both
81,1.0,-1.354,3,0.6666666666666666,both
82,1.0,-1.354,3,0.6666666666666666,both
83,1.0,0.41159999999999997,5,0.4,recurrent_only
84,1.0,-0.9466000000000001,5,0.2,both
85,1.0,-0.9466000000000001,5,0.2,both
86,1.0,-0.9466000000000001,5,0.2,both
87,1.0,-0.9466000000000001,5,0.2,both
88,1.0,-1.1995,2,1.0,both
89,0.02,0.38,1,0.0,neither
90,1.0,-1.1995,2,1.0,both
91,0.06,0.3305,2,0.0,neither
92,0.04,0.508,1,0.0,neither
93,0.38,0.829,1,0.0,neither
94,0.36,0.829,1,0.0,neither
95,1.0,-1.1995,2,1.0,both
96,1.0,-1.3499999999999999,3,0.0,both
97,1.0,-0.9466000000000001,5,0.2,both
98,0.98,1.46925,4,0.25,recurrent_only
99,1.0,-0.36233333333333334,3,0.3333333333333333,both
100,1.0,-1.3499999999999999,3,0.0,both
101,0.98,1.46925,4,0.25,recurrent_only
102,1.0,-1.1995,2,1.0,both
103,1.0,-1.3499999999999999,3,0.0,both
104,0.98,1.46925,4,0.25,recurrent_only
105,1.0,0.41159999999999997,5,0.4,recurrent_only
106,1.0,-0.9466000000000001,5,0.2,both
107,1.0,-1.1995,2,1.0,both
108,1.0,-1.1995,2,1.0,both
109,1.0,-0.9466000000000001,5,0.2,both
110,1.0,-0.9466000000000001,5,0.2,both
111,1.0,-1.3499999999999999,3,0.0,both
112,1.0,-1.3499999999999999,3,0.0,both
114,1.0,-0.63,3,0.6666666666666666,both
115,0.98,-0.38066666666666665,3,0.0,both
117,0.04,0.7045,2,0.0,neither
118,0.1,-0.195,1,0.0,conserved_only
120,1.0,-0.36233333333333334,3,0.3333333333333333,both
121,1.0,-0.36233333333333334,3,0.3333333333333333,both
122,0.98,-0.38066666666666665,3,0.0,both
123,1.0,-0.63,3,0.6666666666666666,both
124,1.0,-0.63,3,0.6666666666666666,both
125,1.0,-0.63,3,0.6666666666666666,both
126,0.98,-0.38066666666666665,3,0.0,both
128,0.04,0.873,1,0.0,neither
129,0.24,1.14,1,0.0,neither
130,0.24,1.14,1,0.0,neither
131,1.0,0.41159999999999997,5,0.4,recurrent_only
132,1.0,-0.36233333333333334,3,0.3333333333333333,both
133,0.98,-0.38066666666666665,3,0.0,both
134,0.98,-0.38066666666666665,3,0.0,both
136,1.0,-0.63,3,0.6666666666666666,both
137,1.0,-0.63,3,0.6666666666666666,both
138,0.98,1.46925,4,0.25,recurrent_only
139,0.98,1.46925,4,0.25,recurrent_only
140,0.26,0.9225000000000001,2,0.0,neither
141,0.2,0.8065,2,0.0,neither
142,0.06,0.3453333333333333,3,0.0,neither
143,0.26,0.40575,4,0.25,neither
144,1.0,-0.63,3,0.6666666666666666,both
145,0.98,1.46925,4,0.25,recurrent_only
146,1.0,-0.36233333333333334,3,0.3333333333333333,both
147,1.0,-0.36233333333333334,3,0.3333333333333333,both
148,1.0,-0.36233333333333334,3,0.3333333333333333,both
149,0.98,-0.38066666666666665,3,0.0,both
151,0.1,1.189,2,0.0,neither
152,0.1,1.189,2,0.0,neither
154,0.08,0.28099999999999997,3,0.0,neither
155,0.08,0.28099999999999997,3,0.0,neither
156,0.98,1.46925,4,0.25,recurrent_only
157,1.0,0.41159999999999997,5,0.4,recurrent_only
159,0.74,0.6439999999999999,2,0.0,recurrent_only
160,0.32,0.9233333333333333,3,0.0,neither
161,0.26,0.40575,4,0.25,neither
162,0.98,1.46925,4,0.25,recurrent_only
163,1.0,-0.36233333333333334,3,0.3333333333333333,both
164,0.98,-0.38066666666666665,3,0.0,both
165,0.04,2.067,2,0.0,neither
166,1.0,-0.63,3,0.6666666666666666,both
167,1.0,-0.36233333333333334,3,0.3333333333333333,both
168,0.98,-0.38066666666666665,3,0.0,both
169,1.0,0.41159999999999997,5,0.4,recurrent_only
170,1.0,0.41159999999999997,5,0.4,recurrent_only
171,1.0,0.41159999999999997,5,0.4,recurrent_only
172,0.04,0.491,1,0.0,neither
173,0.74,0.91075,4,0.0,recurrent_only
174,0.74,0.91075,4,0.0,recurrent_only
175,0.26,0.40575,4,0.25,neither
176,1.0,-0.36233333333333334,3,0.3333333333333333,both
177,1.0,-0.36233333333333334,3,0.3333333333333333,both
178,0.74,0.6439999999999999,2,0.0,recurrent_only
179,0.76,0.859,3,0.0,recurrent_only
180,0.26,0.40575,4,0.25,neither
181,0.26,0.40575,4,0.25,neither
182,0.98,-0.38066666666666665,3,0.0,both
183,1.0,-0.63,3,0.6666666666666666,both
184,0.98,1.46925,4,0.25,recurrent_only
185,0.98,-0.38066666666666665,3,0.0,both
186,0.98,-0.38066666666666665,3,0.0,both
187,0.04,0.365,1,0.0,neither
188,0.06,0.1105,2,0.5,conserved_only
189,1.0,-0.63,3,0.6666666666666666,both
190,1.0,-0.63,3,0.6666666666666666,both
191,0.98,1.46925,4,0.25,recurrent_only
192,0.98,1.46925,4,0.25,recurrent_only
193,0.04,0.829,1,0.0,neither
194,1.0,0.41159999999999997,5,0.4,recurrent_only
196,0.76,0.859,3,0.0,recurrent_only
197,0.74,0.6439999999999999,2,0.0,recurrent_only
198,0.74,0.6439999999999999,2,0.0,recurrent_only
199,0.76,0.859,3,0.0,recurrent_only
200,0.76,0.859,3,0.0,recurrent_only
201,1.0,0.41159999999999997,5,0.4,recurrent_only
202,0.04,0.352,1,0.0,neither
203,0.08,0.41400000000000003,2,0.0,neither
204,0.98,1.6689999999999998,2,0.0,recurrent_only
205,0.74,0.6439999999999999,2,0.0,recurrent_only
206,1.0,0.41159999999999997,5,0.4,recurrent_only
207,1.0,0.41159999999999997,5,0.4,recurrent_only
208,0.04,-1.3439999999999999,2,0.5,conserved_only
209,0.12,0.134,2,0.0,conserved_only
210,0.98,1.6689999999999998,2,0.0,recurrent_only
211,0.98,1.6689999999999998,2,0.0,recurrent_only
212,0.74,0.859,3,0.0,recurrent_only
213,0.04,-0.4,1,0.0,conserved_only
214,0.12,-0.055000000000000014,3,0.0,conserved_only
215,0.98,1.6689999999999998,2,0.0,recurrent_only
216,0.98,1.6689999999999998,2,0.0,recurrent_only
217,0.74,0.6439999999999999,2,0.0,recurrent_only
218,0.98,1.6689999999999998,2,0.0,recurrent_only
219,0.98,1.6689999999999998,2,0.0,recurrent_only
220,0.74,0.859,3,0.0,recurrent_only
221,0.98,1.6689999999999998,2,0.0,recurrent_only
222,0.74,0.6439999999999999,2,0.0,recurrent_only
223,0.04,1.056,2,0.0,neither
224,0.04,1.38,2,0.0,neither
225,0.98,1.6689999999999998,2,0.0,recurrent_only
226,0.74,0.6439999999999999,2,0.0,recurrent_only
227,0.74,0.6439999999999999,2,0.0,recurrent_only
228,0.74,0.859,3,0.0,recurrent_only
229,0.1,0.868,1,0.0,neither
230,0.1,0.868,1,0.0,neither
231,0.98,1.6689999999999998,2,0.0,recurrent_only
232,0.98,1.6689999999999998,2,0.0,recurrent_only
233,0.74,0.859,3,0.0,recurrent_only
234,0.74,0.859,3,0.0,recurrent_only
237,0.06,0.494,1,0.0,neither
242,0.02,0.148,1,0.0,conserved_only
243,0.04,0.454,2,0.0,neither
244,0.12,0.135,1,0.0,conserved_only
246,0.02,-0.369,3,0.0,conserved_only
247,0.04,-0.058,1,0.0,conserved_only
248,0.14,-0.058,1,0.0,conserved_only
249,0.04,-1.206,4,0.5,conserved_only
250,0.26,0.513,3,0.0,neither
251,0.08,0.272,3,0.0,neither
253,0.06,0.365,1,0.0,neither
254,0.16,-0.09650000000000002,2,0.0,conserved_only
255,0.1,0.10000000000000002,3,0.0,conserved_only
256,0.08,0.207,1,0.0,conserved_only
257,0.04,1.724,1,0.0,neither
258,0.06,1.478,1,0.0,neither
259,0.16,-0.4,1,0.0,conserved_only
260,0.16,-0.4,1,0.0,conserved_only
261,0.16,-0.4,1,0.0,conserved_only
262,0.04,-1.177,2,0.0,conserved_only
263,0.04,1.717,2,0.0,neither
264,0.1,1.717,2,0.0,neither
265,0.06,2.686,1,0.0,neither
266,0.04,-1.0545,2,0.5,conserved_only
267,0.04,-0.988,2,0.0,conserved_only
269,0.04,-0.8039999999999999,3,0.6666666666666666,conserved_only
270,0.06,1.7229999999999999,2,0.0,neither
272,0.28,2.0709999999999997,2,0.0,neither
273,0.1,0.815,2,0.0,neither
274,0.04,1.139,1,0.0,neither
275,0.28,2.0709999999999997,2,0.0,neither
276,0.28,2.0709999999999997,2,0.0,neither
277,0.14,0.684,1,0.0,neither
278,0.24,1.035,1,0.0,neither
279,0.08,1.035,1,0.0,neither
280,0.12,0.644,1,0.0,neither
281,0.04,0.586,2,0.0,neither
282,0.12,0.007333333333333331,3,0.0,conserved_only
283,0.04,0.271,1,0.0,neither
284,0.86,0.5235,2,0.0,recurrent_only
285,0.2,0.7035,2,0.0,neither
287,0.14,1.037,1,0.0,neither
288,0.06,0.7645,2,0.0,neither
289,0.26,1.035,1,0.0,neither
290,0.04,0.428,1,0.0,neither
291,0.06,0.2405,2,0.0,conserved_only
292,0.04,-0.106,1,0.0,conserved_only
293,0.14,0.40033333333333326,3,0.3333333333333333,neither
294,0.14,0.40033333333333326,3,0.3333333333333333,neither
295,0.04,1.35,1,0.0,neither
296,0.36,1.056,2,0.0,neither
297,0.22,1.035,1,0.0,neither
298,0.22,1.035,1,0.0,neither
299,0.1,0.271,1,0.0,neither
300,0.38,0.6936666666666667,3,0.3333333333333333,neither
301,0.4,1.723,1,0.0,neither
302,0.28,1.723,1,0.0,neither
303,0.34,1.723,1,0.0,neither
304,0.38,1.056,2,0.0,neither
305,0.22,0.502,2,0.5,neither
306,0.24,0.502,2,0.5,neither
307,0.8,-0.07350000000000001,2,0.0,both
308,0.8,-0.07350000000000001,2,0.0,both
309,0.8,-0.07350000000000001,2,0.0,both
310,0.34,1.056,2,0.0,neither
311,0.76,-0.07350000000000001,2,0.0,both
312,0.78,-0.07350000000000001,2,0.0,both
313,0.3,1.723,1,0.0,neither
314,0.24,1.723,1,0.0,neither
315,0.86,0.5235,2,0.0,recurrent_only
316,0.94,1.035,1,0.0,recurrent_only
317,0.94,1.035,1,0.0,recurrent_only
318,0.94,1.035,1,0.0,recurrent_only
319,0.34,1.056,2,0.0,neither
320,0.34,1.056,2,0.0,neither
321,0.86,0.5235,2,0.0,recurrent_only
322,0.86,0.5235,2,0.0,recurrent_only
323,0.04,-0.718,2,0.5,conserved_only
324,1.0,0.3545,4,0.25,recurrent_only
325,1.0,0.3545,4,0.25,recurrent_only
326,1.0,0.3545,4,0.25,recurrent_only
327,1.0,0.3545,4,0.25,recurrent_only
328,0.94,1.035,1,0.0,recurrent_only
329,1.0,0.3545,4,0.25,recurrent_only
330,1.0,0.3545,4,0.25,recurrent_only
331,0.94,1.035,1,0.0,recurrent_only
332,1.0,0.3545,4,0.25,recurrent_only
333,0.46,0.99,1,0.0,neither
334,0.94,1.035,1,0.0,recurrent_only
335,0.94,1.035,1,0.0,recurrent_only
336,0.64,0.99,1,0.0,neither
337,0.62,0.99,1,0.0,neither
338,0.02,0.38,1,0.0,neither
339,1.0,0.3545,4,0.25,recurrent_only
340,0.1,1.037,1,0.0,neither
342,0.04,-0.722,1,0.0,conserved_only
343,0.04,1.724,1,0.0,neither
344,0.06,1.4625,2,0.0,neither
346,0.94,1.035,1,0.0,recurrent_only
347,0.94,1.035,1,0.0,recurrent_only
348,0.08,1.037,1,0.0,neither
349,0.08,1.037,1,0.0,neither
350,0.64,0.99,1,0.0,neither
351,0.64,0.99,1,0.0,neither
352,1.0,0.3545,4,0.25,recurrent_only
353,0.1,0.14650000000000002,2,0.0,conserved_only
354,0.6,0.99,1,0.0,neither
355,0.58,0.99,1,0.0,neither
356,0.94,1.035,1,0.0,recurrent_only
357,0.94,1.035,1,0.0,recurrent_only
358,0.94,1.035,1,0.0,recurrent_only
359,0.94,1.035,1,0.0,recurrent_only
360,0.04,-0.2705,2,0.0,conserved_only
361,1.0,0.3545,4,0.25,recurrent_only
362,0.5,0.14650000000000002,2,0.0,conserved_only
363,1.0,0.3545,4,0.25,recurrent_only
364,1.0,0.3545,4,0.25,recurrent_only
365,0.04,-0.525,1,0.0,conserved_only
366,0.08,0.271,1,0.0,neither
367,0.12,-0.016,1,0.0,conserved_only
368,0.1,-0.525,1,0.0,conserved_only
369,0.46,0.14650000000000002,2,0.0,conserved_only
370,0.48,0.14650000000000002,2,0.0,conserved_only
371,0.48,0.14650000000000002,2,0.0,conserved_only
372,0.04,-0.693,1,0.0,conserved_only
373,0.04,1.235,1,0.0,neither
374,0.76,-0.07675,4,0.5,both
375,0.48,0.14650000000000002,2,0.0,conserved_only
376,0.46,0.14650000000000002,2,0.0,conserved_only
377,0.96,-0.27166666666666667,3,0.0,both
379,0.96,-0.27166666666666667,3,0.0,both
380,0.22,0.5086666666666667,3,0.0,neither
381,0.08,0.829,1,0.0,neither
382,0.08,0.829,1,0.0,neither
383,0.76,-0.07675,4,0.5,both
384,0.76,-0.07675,4,0.5,both
385,0.76,-0.07675,4,0.5,both
387,0.08,-0.295,1,0.0,conserved_only
388,0.1,0.249,1,0.0,neither
390,0.06,0.428,1,0.0,neither
391,0.16,1.028,1,0.0,neither
392,0.16,1.028,1,0.0,neither
393,0.08,0.25275000000000003,4,0.25,neither
394,0.18,1.028,1,0.0,neither
395,0.18,1.028,1,0.0,neither
396,0.04,-0.3105,2,0.0,conserved_only
397,0.76,-0.07675,4,0.5,both
398,0.06,0.453,1,1.0,neither
399,0.96,-0.27166666666666667,3,0.0,both
400,0.74,0.25275000000000003,4,0.25,recurrent_only
401,0.76,-0.07675,4,0.5,both
404,0.08,-0.869,1,0.0,conserved_only
405,0.96,-0.27166666666666667,3,0.0,both
406,0.74,0.25275000000000003,4,0.25,recurrent_only
407,0.58,-0.07266666666666666,3,0.3333333333333333,conserved_only
408,0.12,0.4635,2,0.0,neither
409,0.12,0.4635,2,0.0,neither
411,0.76,-0.07675,4,0.5,both
413,0.14,0.323,2,0.0,neither
414,0.14,0.323,2,0.0,neither
418,0.96,-0.27166666666666667,3,0.0,both
419,0.76,0.25275000000000003,4,0.25,recurrent_only
420,0.76,0.25275000000000003,4,0.25,recurrent_only
421,0.06,1.066,1,0.0,neither
422,0.96,-0.27166666666666667,3,0.0,both
423,0.76,0.25275000000000003,4,0.25,recurrent_only
424,0.76,0.25275000000000003,4,0.25,recurrent_only
425,0.96,1.0670000000000002,2,0.0,recurrent_only
426,0.28,0.76,1,0.0,neither
427,0.58,-0.07266666666666666,3,0.3333333333333333,conserved_only
428,0.96,-0.27166666666666667,3,0.0,both
429,0.76,-0.07675,4,0.5,both
432,0.96,1.0670000000000002,2,0.0,recurrent_only
433,0.32,0.8686666666666666,3,0.0,neither
434,0.24,0.148,1,0.0,conserved_only
435,0.58,-0.07266666666666666,3,0.3333333333333333,conserved_only
438,0.2,-0.424,1,0.0,conserved_only
439,0.66,0.8326,5,0.0,neither
440,0.64,0.8326,5,0.0,neither
441,0.84,-0.7463333333333333,3,0.3333333333333333,both
442,0.58,-0.07266666666666666,3,0.3333333333333333,conserved_only
443,0.96,-0.27166666666666667,3,0.0,both
444,0.96,-0.27166666666666667,3,0.0,both
445,0.76,-0.07675,4,0.5,both
446,0.76,-0.07675,4,0.5,both
447,0.08,0.428,1,0.0,neither
448,0.4,0.964,1,0.0,neither
450,0.96,1.0670000000000002,2,0.0,recurrent_only
451,0.96,1.0670000000000002,2,0.0,recurrent_only
452,0.34,0.8686666666666666,3,0.0,neither
453,0.04,0.05249999999999999,2,0.0,conserved_only
454,0.58,0.748,1,0.0,neither
455,0.56,0.748,1,0.0,neither
456,0.6,0.175,4,0.0,conserved_only
457,0.1,0.351,3,0.0,neither
458,0.34,1.054,1,0.0,neither
459,0.84,-0.7463333333333333,3,0.3333333333333333,both
460,0.58,-0.07266666666666666,3,0.3333333333333333,conserved_only
461,0.04,1.139,1,0.0,neither
462,0.14,0.306,1,0.0,neither
463,0.14,0.306,1,0.0,neither
464,0.48,0.629,2,0.0,neither
465,0.48,0.629,2,0.0,neither
466,0.48,0.629,2,0.0,neither
468,0.6,1.0150000000000001,2,0.0,neither
470,0.12,-0.019,1,0.0,conserved_only
471,0.3,0.4065,2,0.0,neither
474,0.12,0.486,1,0.0,neither
475,0.08,1.283,1,0.0,neither
476,0.08,1.283,1,0.0,neither
477,0.34,0.8686666666666666,3,0.0,neither
478,0.32,0.8686666666666666,3,0.0,neither
479,0.54,-0.638,2,0.0,conserved_only
480,0.26,-0.997,1,1.0,conserved_only
481,0.3,0.4065,2,0.0,neither
482,0.3,0.4065,2,0.0,neither
483,0.68,0.175,4,0.0,conserved_only
484,0.84,-0.7463333333333333,3,0.3333333333333333,both
485,0.84,-0.7463333333333333,3,0.3333333333333333,both
486,0.84,-0.7463333333333333,3,0.3333333333333333,both
487,0.84,-0.7463333333333333,3,0.3333333333333333,both
488,0.84,-0.7463333333333333,3,0.3333333333333333,both
490,0.04,0.894,1,0.0,neither
491,0.48,0.629,2,0.0,neither
492,0.48,0.629,2,0.0,neither
493,0.48,1.0725,2,0.0,neither
494,0.42,1.066,1,0.0,neither
495,0.6,1.0150000000000001,2,0.0,neither
496,0.6,1.0150000000000001,2,0.0,neither
497,0.6,1.0150000000000001,2,0.0,neither
498,0.54,-0.638,2,0.0,conserved_only
499,0.78,0.119,2,0.0,both
500,0.26,0.05249999999999999,2,0.0,conserved_only
501,0.64,0.175,4,0.0,conserved_only
502,0.84,-0.1025,2,0.0,both
503,0.84,-0.7463333333333333,3,0.3333333333333333,both
504,0.58,-0.07266666666666666,3,0.3333333333333333,conserved_only
505,0.58,-0.07266666666666666,3,0.3333333333333333,conserved_only
506,0.06,0.2665,2,0.0,neither
507,0.04,0.2665,2,0.0,neither
508,0.4,0.964,1,0.0,neither
511,0.46,1.066,1,0.0,neither
512,0.54,0.30700000000000005,2,0.5,neither
513,0.6,1.0150000000000001,2,0.0,neither
514,0.54,-0.638,2,0.0,conserved_only
515,0.12,0.9755,2,0.0,neither
516,0.34,1.054,1,0.0,neither
517,0.84,-0.7463333333333333,3,0.3333333333333333,both
518,0.4,0.964,1,0.0,neither
519,0.4,0.964,1,0.0,neither
520,0.6,1.0150000000000001,2,0.0,neither
521,0.26,-0.643,1,0.0,conserved_only
522,0.62,0.158,1,0.0,conserved_only
523,0.62,0.158,1,0.0,conserved_only
524,0.62,0.158,1,0.0,conserved_only
525,0.22,0.818,2,0.0,neither
526,0.26,-1.163,1,0.0,conserved_only
527,0.66,0.175,4,0.0,conserved_only
528,0.66,0.175,4,0.0,conserved_only
529,0.84,-0.1025,2,0.0,both
530,0.34,1.054,1,0.0,neither
531,0.34,1.054,1,0.0,neither
532,0.32,-1.29,1,0.0,conserved_only
533,0.7,1.0725,2,0.0,recurrent_only
534,0.18,1.1745,2,0.0,neither
535,0.18,1.1745,2,0.0,neither
536,0.54,0.30700000000000005,2,0.5,neither
537,0.6,1.0150000000000001,2,0.0,neither
538,0.6,1.0150000000000001,2,0.0,neither
539,0.28,-0.643,1,0.0,conserved_only
540,0.28,-0.643,1,0.0,conserved_only
541,0.84,-0.7463333333333333,3,0.3333333333333333,both
542,0.76,-1.3535000000000001,6,0.6666666666666666,both
543,0.72,-1.3535000000000001,6,0.6666666666666666,both
544,0.64,1.0725,2,0.0,neither
545,0.66,1.0725,2,0.0,neither
546,0.54,0.30700000000000005,2,0.5,neither
547,0.54,0.30700000000000005,2,0.5,neither
548,0.26,-0.997,1,1.0,conserved_only
549,0.26,-0.997,1,1.0,conserved_only
550,0.78,0.119,2,0.0,both
551,0.68,0.15433333333333332,3,0.0,conserved_only
552,0.84,-0.7463333333333333,3,0.3333333333333333,both
553,0.84,-0.7463333333333333,3,0.3333333333333333,both
554,0.32,-1.29,1,0.0,conserved_only
557,0.74,0.45075,4,0.25,recurrent_only
558,0.54,-0.638,2,0.0,conserved_only
559,0.54,-0.638,2,0.0,conserved_only
561,0.46,1.05,2,0.0,neither
562,0.7,0.15433333333333332,3,0.0,both
563,0.84,-0.1025,2,0.0,both
564,0.54,-0.638,2,0.0,conserved_only
565,0.54,-0.638,2,0.0,conserved_only
566,0.52,0.303,3,0.3333333333333333,neither
567,0.64,0.158,1,0.0,conserved_only
568,0.24,0.818,2,0.0,neither
569,0.22,0.818,2,0.0,neither
570,0.7,0.15433333333333332,3,0.0,both
572,0.62,0.158,1,0.0,conserved_only
573,0.62,0.158,1,0.0,conserved_only
574,0.26,-1.163,1,0.0,conserved_only
575,0.26,-1.163,1,0.0,conserved_only
576,0.32,-1.29,1,0.0,conserved_only
577,0.32,-1.29,1,0.0,conserved_only
578,0.52,0.9755,2,0.0,neither
579,0.76,-0.2735,2,0.5,both
580,0.7,0.15433333333333332,3,0.0,both
581,0.06,0.5265000000000001,2,0.0,neither
582,0.62,1.0725,2,0.0,neither
583,0.46,1.066,1,0.0,neither
584,0.46,1.066,1,0.0,neither
585,0.96,1.0670000000000002,2,0.0,recurrent_only
586,0.46,1.05,2,0.0,neither
587,0.48,0.6936666666666667,3,0.0,neither
588,0.52,0.9755,2,0.0,neither
589,0.7,-0.2735,2,0.5,both
590,0.76,-0.2735,2,0.5,both
591,0.76,-0.2735,2,0.5,both
592,0.44,-0.2735,2,0.5,conserved_only
593,0.7,0.15433333333333332,3,0.0,both
594,0.84,-0.1025,2,0.0,both
595,0.04,-0.869,1,0.0,conserved_only
596,0.06,0.4655,2,0.0,neither
597,0.62,1.0725,2,0.0,neither
598,0.96,1.0670000000000002,2,0.0,recurrent_only
600,0.4,-0.2735,2,0.5,conserved_only
601,0.42,-0.2735,2,0.5,conserved_only
602,0.7,0.15433333333333332,3,0.0,both
603,0.84,-0.1025,2,0.0,both
604,0.84,-0.1025,2,0.0,both
605,0.84,-0.1025,2,0.0,both
606,0.84,-0.1025,2,0.0,both
607,0.84,-0.1025,2,0.0,both
608,0.84,-0.1025,2,0.0,both
610,0.12,-0.424,1,0.0,conserved_only
611,0.1,-0.424,1,0.0,conserved_only
613,0.04,0.207,1,0.0,conserved_only
614,0.08,1.8535,2,0.0,neither
615,0.5,0.936,1,0.0,neither
616,0.64,1.0725,2,0.0,neither
617,0.96,1.0670000000000002,2,0.0,recurrent_only
618,0.7,0.15433333333333332,3,0.0,both
619,0.12,0.954,1,0.0,neither
621,0.52,0.936,1,0.0,neither
622,0.64,1.0725,2,0.0,neither
623,0.64,1.0725,2,0.0,neither
624,0.72,0.45075,4,0.25,recurrent_only
625,0.96,1.0670000000000002,2,0.0,recurrent_only
626,0.78,0.119,2,0.0,both
627,0.56,0.9755,2,0.0,neither
629,0.08,-0.337,1,0.0,conserved_only
633,0.06,0.894,1,0.0,neither
634,0.22,2.177,1,0.0,neither
635,0.52,0.936,1,0.0,neither
638,0.78,0.119,2,0.0,both
639,0.52,0.9755,2,0.0,neither
640,0.7,0.15433333333333332,3,0.0,both
641,0.1,1.565,1,0.0,neither
642,0.04,0.99,1,0.0,neither
643,0.06,-0.883,3,0.0,conserved_only
645,0.04,0.935,1,0.0,neither
646,0.04,0.935,1,0.0,neither
647,0.12,0.935,1,0.0,neither
648,0.12,0.935,1,0.0,neither
649,0.14,0.935,1,0.0,neither
650,0.22,2.177,1,0.0,neither
651,0.2,2.177,1,0.0,neither
652,0.96,1.0670000000000002,2,0.0,recurrent_only
653,0.78,0.119,2,0.0,both
654,0.7,-0.2735,2,0.5,both
655,0.7,-0.2735,2,0.5,both
656,0.7,-0.2735,2,0.5,both
657,0.26,0.088,1,0.0,conserved_only
658,0.16,0.179,1,1.0,conserved_only
659,0.04,2.177,1,0.0,neither
662,0.26,2.177,1,0.0,neither
663,0.52,0.936,1,0.0,neither
664,0.72,0.45075,4,0.25,recurrent_only
665,0.96,1.0670000000000002,2,0.0,recurrent_only
666,0.96,1.0670000000000002,2,0.0,recurrent_only
667,0.7,-0.2735,2,0.5,both
668,0.7,-0.2735,2,0.5,both
669,0.7,0.15433333333333332,3,0.0,both
670,0.7,0.15433333333333332,3,0.0,both
671,0.2,1.357,1,0.0,neither
672,0.16,1.357,1,0.0,neither
673,0.16,1.3915,2,0.0,neither
675,0.4,0.909,1,0.0,neither
676,0.4,0.909,1,0.0,neither
677,0.04,0.019500000000000017,2,0.0,conserved_only
678,0.76,-0.08050000000000002,2,0.0,both
679,0.1,-0.722,1,0.0,conserved_only
680,0.14,-0.036,3,0.3333333333333333,conserved_only
681,0.04,1.357,1,0.0,neither
683,0.12,0.056,1,0.0,conserved_only
684,0.78,-0.255,2,0.0,both
685,0.86,1.236,1,0.0,recurrent_only
686,0.64,0.5265000000000001,2,0.0,neither
687,0.1,0.0020000000000000018,2,0.0,conserved_only
688,0.22,-1.0933333333333333,3,0.3333333333333333,conserved_only
689,1.0,-0.6734,5,0.6,both
690,0.56,-0.6034999999999999,2,0.0,conserved_only
691,0.1,-0.271,1,0.0,conserved_only
692,0.1,-0.271,1,0.0,conserved_only
694,0.72,-1.2204000000000002,5,0.2,both
695,0.32,0.03733333333333336,3,0.0,conserved_only
696,0.62,-0.9550000000000001,2,0.0,conserved_only
697,0.12,-0.722,1,0.0,conserved_only
698,0.14,-0.2575,2,0.0,conserved_only
699,0.22,-0.0284,6,0.2,conserved_only
700,0.08,0.18299999999999994,2,0.0,conserved_only
701,0.18,0.438,1,0.0,neither
702,0.22,-0.16933333333333334,3,0.3333333333333333,conserved_only
703,0.04,-0.729,1,0.0,conserved_only
704,0.04,2.177,1,0.0,neither
705,0.24,2.177,1,0.0,neither
706,0.22,2.177,1,0.0,neither
707,0.72,0.45075,4,0.25,recurrent_only
708,0.78,0.119,2,0.0,both
709,0.78,0.119,2,0.0,both
710,0.52,0.9755,2,0.0,neither
711,0.52,0.9755,2,0.0,neither
712,0.04,0.99,1,0.0,neither
716,0.06,1.037,1,0.0,neither
718,0.86,1.236,1,0.0,recurrent_only
719,0.62,0.5265000000000001,2,0.0,neither
721,1.0,-0.6734,5,0.6,both
722,1.0,-0.6734,5,0.6,both
723,0.04,0.11,1,0.0,conserved_only
725,0.06,-0.5075000000000001,2,0.0,conserved_only
726,0.06,-1.051,1,0.0,conserved_only
727,0.1,0.171,1,0.0,conserved_only
729,0.08,2.177,1,0.0,neither
730,0.1,2.177,1,0.0,neither
731,0.14,-0.5333333333333333,3,0.0,conserved_only
732,0.14,-0.5333333333333333,3,0.0,conserved_only
733,0.52,0.936,1,0.0,neither
734,0.24,0.557,1,0.0,neither
736,0.06,0.088,1,0.0,conserved_only
738,0.98,2.549,2,0.0,recurrent_only
741,0.38,-1.297,1,0.0,conserved_only
743,0.72,-1.2204000000000002,5,0.2,both
744,0.14,-0.198,1,0.0,conserved_only
745,0.18,0.198,1,0.0,conserved_only
746,0.2,-0.243,2,0.0,conserved_only
747,0.26,-0.0284,6,0.2,conserved_only
748,0.04,0.428,1,0.0,neither
749,0.08,1.357,1,0.0,neither
750,0.1,1.357,1,0.0,neither
751,0.72,-1.2075,2,0.5,both
752,0.64,-1.2075,2,0.5,conserved_only
753,0.2,0.438,1,0.0,neither
754,0.9,-0.16933333333333334,3,0.3333333333333333,both
755,0.94,-0.16933333333333334,3,0.3333333333333333,both
756,0.92,-0.16933333333333334,3,0.3333333333333333,both
757,0.92,-0.16933333333333334,3,0.3333333333333333,both
758,0.52,0.936,1,0.0,neither
759,0.52,0.936,1,0.0,neither
760,0.72,0.45075,4,0.25,recurrent_only
761,0.72,0.45075,4,0.25,recurrent_only
763,0.7,0.557,1,0.0,recurrent_only
764,0.2,1.8119999999999998,2,0.0,neither
765,0.62,2.48,2,0.0,neither
766,0.2,0.011666666666666665,3,0.0,conserved_only
767,0.36,-0.09533333333333334,3,0.0,conserved_only
768,0.22,1.1075,2,0.0,neither
769,0.38,1.1075,2,0.0,neither
770,0.96,1.1075,2,0.0,recurrent_only
771,0.98,2.549,2,0.0,recurrent_only
772,0.22,0.4700000000000001,2,0.0,neither
774,0.68,-1.4596666666666664,3,0.3333333333333333,conserved_only
775,0.1,-1.0426666666666666,3,0.3333333333333333,conserved_only
776,0.12,-1.0426666666666666,3,0.3333333333333333,conserved_only
777,1.0,-0.6734,5,0.6,both
778,0.16,0.15300000000000002,2,0.0,conserved_only
779,0.18,-0.08399999999999996,2,0.0,conserved_only
780,0.18,-0.08399999999999996,2,0.0,conserved_only
781,0.62,-0.9550000000000001,2,0.0,conserved_only
782,0.16,0.2323333333333333,3,0.0,conserved_only
783,0.22,-0.0284,6,0.2,conserved_only
784,0.26,-0.0284,6,0.2,conserved_only
786,1.0,0.9546666666666667,3,0.0,recurrent_only
787,0.4,1.068,1,0.0,neither
788,0.78,-0.255,2,0.0,both
789,0.28,1.357,1,0.0,neither
790,0.04,0.495,1,0.0,neither
792,0.96,0.9299999999999999,2,0.0,recurrent_only
793,0.2,1.8119999999999998,2,0.0,neither
794,0.2,1.8119999999999998,2,0.0,neither
795,0.62,2.48,2,0.0,neither
796,0.22,0.011666666666666665,3,0.0,conserved_only
797,0.38,2.639,1,0.0,neither
798,0.98,2.549,2,0.0,recurrent_only
799,0.3,-0.295,1,0.0,conserved_only
800,0.68,-0.874,3,0.0,conserved_only
801,0.1,-0.874,3,0.0,conserved_only
802,0.06,-1.317,1,0.0,conserved_only
803,0.58,-0.6034999999999999,2,0.0,conserved_only
804,0.72,-1.2204000000000002,5,0.2,both
805,0.7,0.445,3,0.0,recurrent_only
806,0.62,-0.9550000000000001,2,0.0,conserved_only
807,0.62,-0.9550000000000001,2,0.0,conserved_only
808,0.16,0.2323333333333333,3,0.0,conserved_only
809,0.16,0.2323333333333333,3,0.0,conserved_only
812,0.68,-1.325,1,1.0,conserved_only
814,0.14,1.091,2,0.0,neither
815,0.78,-0.255,2,0.0,both
816,0.78,-0.255,2,0.0,both
817,0.1,-1.1931666666666667,6,0.3333333333333333,conserved_only
818,0.9,-0.491,1,0.0,both
820,0.96,0.9299999999999999,2,0.0,recurrent_only
821,0.96,0.9299999999999999,2,0.0,recurrent_only
822,0.7,0.557,1,0.0,recurrent_only
823,0.06,1.723,1,0.0,neither
824,0.62,2.48,2,0.0,neither
825,1.0,0.6505,4,0.25,recurrent_only
826,0.56,1.6544999999999999,2,0.0,neither
827,0.12,-0.337,1,0.0,conserved_only
828,0.86,1.236,1,0.0,recurrent_only
829,0.86,1.236,1,0.0,recurrent_only
831,0.98,2.549,2,0.0,recurrent_only
832,0.64,0.5265000000000001,2,0.0,neither
833,0.32,-0.295,1,0.0,conserved_only
835,0.12,0.16099999999999998,2,0.5,conserved_only
836,0.1,0.16099999999999998,2,0.5,conserved_only
837,0.04,-1.29,1,0.0,conserved_only
838,0.68,-1.376,5,0.6,conserved_only
839,0.76,-0.08050000000000002,2,0.0,both
841,0.06,-0.929,1,0.0,conserved_only
842,0.12,0.023,1,0.0,conserved_only
843,0.14,0.023,1,0.0,conserved_only
844,0.12,0.7265,4,0.0,neither
845,0.12,0.7265,4,0.0,neither
846,0.16,-0.4023333333333334,5,0.3333333333333333,conserved_only
847,0.6,-1.09,1,0.0,conserved_only
848,0.6,-1.09,1,0.0,conserved_only
849,0.28,0.438,1,0.0,neither
850,0.22,0.438,1,0.0,neither
851,0.18,2.082,1,0.0,neither
852,1.0,0.9546666666666667,3,0.0,recurrent_only
853,0.4,1.068,1,0.0,neither
854,0.78,-0.255,2,0.0,both
855,0.28,0.9593333333333334,3,0.0,neither
857,0.22,-0.491,1,0.0,conserved_only
858,0.06,-0.424,1,0.0,conserved_only
861,1.0,1.357,1,0.0,recurrent_only
862,0.42,1.132,2,0.0,neither
863,0.3,0.176,4,0.0,conserved_only
865,0.86,1.236,1,0.0,recurrent_only
866,0.1,0.954,1,0.0,neither
867,0.56,-0.424,1,0.0,conserved_only
868,0.56,-0.424,1,0.0,conserved_only
869,0.68,-0.417,3,0.0,conserved_only
870,0.32,-0.295,1,0.0,conserved_only
871,0.18,-0.46099999999999997,2,0.5,conserved_only
873,0.38,-1.297,1,0.0,conserved_only
874,1.0,-0.6734,5,0.6,both
875,0.58,-0.6034999999999999,2,0.0,conserved_only
878,0.72,-1.2204000000000002,5,0.2,both
879,0.72,-1.2204000000000002,5,0.2,both
880,0.04,-0.198,1,0.0,conserved_only
881,0.32,-0.5790000000000001,3,0.0,conserved_only
883,0.32,2.082,1,0.0,neither
884,0.7,2.1295,2,0.0,recurrent_only
885,1.0,0.9546666666666667,3,0.0,recurrent_only
886,0.16,1.0833333333333333,3,0.0,neither
887,0.16,1.0833333333333333,3,0.0,neither
888,0.26,0.99,1,0.0,neither
890,0.18,-0.30750000000000005,2,0.0,conserved_only
892,0.9,-0.491,1,0.0,both
893,0.9,-0.491,1,0.0,both
894,0.08,1.233,1,0.0,neither
897,0.06,0.699,1,0.0,neither
898,0.72,0.557,1,0.0,recurrent_only
899,0.3,0.699,1,0.0,neither
901,1.0,0.6505,4,0.25,recurrent_only
902,0.56,1.6544999999999999,2,0.0,neither
903,0.58,1.6544999999999999,2,0.0,neither
904,0.64,1.2245,2,0.0,neither
905,0.3,1.495,1,0.0,neither
906,0.16,0.954,1,0.0,neither
907,0.36,2.639,1,0.0,neither
908,0.36,2.639,1,0.0,neither
909,0.64,0.5265000000000001,2,0.0,neither
910,0.22,-1.29,1,0.0,conserved_only
911,0.3,-0.295,1,0.0,conserved_only
912,0.3,-0.295,1,0.0,conserved_only
915,0.18,-0.46099999999999997,2,0.5,conserved_only
916,0.2,-0.46099999999999997,2,0.5,conserved_only
917,1.0,-0.6734,5,0.6,both
918,0.76,-0.08050000000000002,2,0.0,both
919,0.08,-0.317,1,0.0,conserved_only
920,0.72,-1.2204000000000002,5,0.2,both
921,0.72,-1.2204000000000002,5,0.2,both
922,0.72,-1.2204000000000002,5,0.2,both
923,0.34,1.235,1,0.0,neither
925,0.04,0.428,1,0.0,neither
926,0.04,1.054,1,0.0,neither
927,0.06,0.183,1,0.0,conserved_only
928,0.06,0.183,1,0.0,conserved_only
929,0.6,0.16625,4,0.25,conserved_only
932,1.0,0.9546666666666667,3,0.0,recurrent_only
936,0.94,-1.258,5,0.4,both
937,0.4,-0.0020000000000000018,2,0.0,conserved_only
938,0.9,-0.491,1,0.0,both
941,0.86,0.4045000000000001,2,0.0,recurrent_only
945,0.14,0.699,1,0.0,neither
946,0.14,0.699,1,0.0,neither
947,0.6,1.132,2,0.0,neither
948,0.58,1.132,2,0.0,neither
950,0.08,1.8119999999999998,2,0.0,neither
951,0.58,1.6544999999999999,2,0.0,neither
952,0.86,1.236,1,0.0,recurrent_only
953,0.86,1.236,1,0.0,recurrent_only
954,0.28,0.954,1,0.0,neither
955,0.24,0.954,1,0.0,neither
956,0.36,2.639,1,0.0,neither
957,0.38,2.639,1,0.0,neither
959,0.58,-0.5316666666666666,3,0.0,conserved_only
960,0.14,-0.1525,2,0.0,conserved_only
961,0.14,-0.1525,2,0.0,conserved_only
962,0.12,-1.166,2,0.5,conserved_only
963,0.08,-1.166,2,0.5,conserved_only
964,0.04,-1.38375,4,0.0,conserved_only
965,0.68,-1.376,5,0.6,conserved_only
966,0.68,-1.376,5,0.6,conserved_only
967,0.58,-0.6034999999999999,2,0.0,conserved_only
968,0.58,-1.3915,2,0.0,conserved_only
969,0.22,-0.929,1,0.0,conserved_only
970,0.22,-0.7745,2,0.0,conserved_only
971,0.22,-0.7745,2,0.0,conserved_only
972,0.14,1.235,1,0.0,neither
973,0.16,-0.693,1,0.0,conserved_only
974,0.04,-0.693,1,0.0,conserved_only
975,0.16,-0.274,4,0.5,conserved_only
976,0.18,-0.274,4,0.5,conserved_only
977,0.28,-0.5790000000000001,3,0.0,conserved_only
978,0.06,0.739,1,0.0,neither
979,0.06,0.852,2,0.0,neither
980,0.46,0.852,2,0.0,neither
981,0.42,1.0483333333333333,3,0.0,neither
982,0.74,2.082,1,0.0,recurrent_only
983,0.7,2.1295,2,0.0,recurrent_only
984,0.4,1.068,1,0.0,neither
987,0.94,-1.258,5,0.4,both
988,0.56,0.9593333333333334,3,0.0,neither
992,0.56,2.442,1,0.0,neither
993,0.36,-0.0020000000000000018,2,0.0,conserved_only
994,0.5,0.9076666666666666,3,0.3333333333333333,neither
995,0.6,0.9076666666666666,3,0.3333333333333333,neither
996,0.68,0.9076666666666666,3,0.3333333333333333,neither
997,0.9,-0.491,1,0.0,both
998,0.9,-0.491,1,0.0,both
999,0.9,-0.491,1,0.0,both
1000,0.9,-0.491,1,0.0,both
1001,0.36,1.233,1,0.0,neither
1004,0.92,0.454,1,0.0,recurrent_only
1005,0.12,1.233,1,0.0,neither
1007,0.94,2.442,1,0.0,recurrent_only
1008,0.72,0.557,1,0.0,recurrent_only
1009,0.3,0.699,1,0.0,neither
1010,0.52,0.8634999999999999,2,0.0,neither
1011,0.08,2.272,1,0.0,neither
1012,1.0,0.6505,4,0.25,recurrent_only
1013,1.0,0.6505,4,0.25,recurrent_only
1014,0.24,0.011666666666666665,3,0.0,conserved_only
1015,0.26,0.011666666666666665,3,0.0,conserved_only
1016,0.86,1.236,1,0.0,recurrent_only
1017,0.86,1.236,1,0.0,recurrent_only
1018,0.86,1.236,1,0.0,recurrent_only
1019,0.86,1.236,1,0.0,recurrent_only
1020,0.6,1.2245,2,0.0,neither
1021,0.3,1.495,1,0.0,neither
1022,0.32,1.495,1,0.0,neither
1025,0.96,1.1075,2,0.0,recurrent_only
1026,0.96,1.1075,2,0.0,recurrent_only
1027,0.96,1.1075,2,0.0,recurrent_only
1028,0.64,0.5265000000000001,2,0.0,neither
1029,0.6,-0.5316666666666666,3,0.0,conserved_only
1030,0.6,-0.5316666666666666,3,0.0,conserved_only
1031,0.38,-1.297,1,0.0,conserved_only
1032,0.38,-1.297,1,0.0,conserved_only
1033,0.58,-0.6034999999999999,2,0.0,conserved_only
1034,0.76,-0.08050000000000002,2,0.0,both
1035,0.52,-1.1213333333333333,3,0.0,conserved_only
1039,0.34,0.5762499999999999,4,0.0,neither
1040,0.7,0.445,3,0.0,recurrent_only
1041,0.3,-0.5790000000000001,3,0.0,conserved_only
1042,0.28,-0.5790000000000001,3,0.0,conserved_only
1044,0.06,0.438,1,0.0,neither
1045,0.04,0.438,1,0.0,neither
1046,0.76,1.0195,2,0.0,recurrent_only
1047,0.12,-0.729,1,0.0,conserved_only
1048,0.1,-0.729,1,0.0,conserved_only
1050,0.42,0.852,2,0.0,neither
1051,0.58,0.16625,4,0.25,conserved_only
1052,0.72,2.082,1,0.0,recurrent_only
1053,0.4,1.068,1,0.0,neither
1054,0.4,1.068,1,0.0,neither
1055,0.4,1.068,1,0.0,neither
1056,0.4,1.068,1,0.0,neither
1057,0.08,-1.317,1,0.0,conserved_only
1058,0.08,-0.021333333333333315,3,0.0,conserved_only
1060,0.1,-1.297,1,0.0,conserved_only
1061,0.04,-1.297,1,0.0,conserved_only
1063,0.94,0.23700000000000002,3,0.3333333333333333,both
1064,0.96,-1.258,5,0.4,both
1065,0.96,-1.258,5,0.4,both
1066,0.96,-1.258,5,0.4,both
1067,0.28,0.99,1,0.0,neither
1068,0.28,0.99,1,0.0,neither
1070,0.36,-0.0020000000000000018,2,0.0,conserved_only
1071,0.38,0.495,1,0.0,neither
1072,0.36,0.559,1,0.0,neither
1073,0.94,-0.491,1,0.0,both
1074,0.86,0.4045000000000001,2,0.0,recurrent_only
1075,0.9,-0.616,2,0.5,both
1078,0.96,1.2123333333333335,3,0.0,recurrent_only
1079,0.96,1.2123333333333335,3,0.0,recurrent_only
1080,0.58,1.495,1,0.0,neither
1081,0.58,1.495,1,0.0,neither
1084,0.6,0.699,1,0.0,neither
1085,0.72,0.557,1,0.0,recurrent_only
1086,0.1,1.5466666666666669,3,0.0,neither
1087,0.08,1.352,1,0.0,neither
1088,0.1,1.352,1,0.0,neither
1089,0.04,1.723,1,0.0,neither
1090,0.12,1.8119999999999998,2,0.0,neither
1091,0.62,2.48,2,0.0,neither
1092,0.62,2.48,2,0.0,neither
1093,0.62,2.48,2,0.0,neither
1094,0.56,1.6544999999999999,2,0.0,neither
1095,0.56,1.6544999999999999,2,0.0,neither
1096,0.62,1.2245,2,0.0,neither
1097,0.3,1.495,1,0.0,neither
1098,0.3,1.495,1,0.0,neither
1101,0.96,1.1075,2,0.0,recurrent_only
1102,0.96,1.1075,2,0.0,recurrent_only
1104,0.64,0.5265000000000001,2,0.0,neither
1105,0.64,0.5265000000000001,2,0.0,neither
1106,0.18,-1.29,1,0.0,conserved_only
1107,0.2,-1.366,2,0.0,conserved_only
1108,0.58,-0.6034999999999999,2,0.0,conserved_only
1109,0.28,0.3705,2,0.5,neither
1110,0.58,0.5926666666666667,3,0.3333333333333333,neither
1111,0.56,0.5926666666666667,3,0.3333333333333333,neither
1112,0.34,0.5762499999999999,4,0.0,neither
1113,0.72,-1.2204000000000002,5,0.2,both
1114,0.2,-0.198,1,0.0,conserved_only
1115,1.0,-0.053500000000000006,2,0.5,both
1116,0.1,0.41533333333333333,3,0.3333333333333333,neither
1117,0.1,0.41533333333333333,3,0.3333333333333333,neither
1118,0.44,0.438,1,0.0,neither
1119,0.48,1.0483333333333333,3,0.0,neither
1120,0.72,2.082,1,0.0,recurrent_only
1121,0.78,-0.255,2,0.0,both
1122,0.12,0.15799999999999997,2,0.0,conserved_only
1123,0.1,-0.3336666666666666,3,0.0,conserved_only
1124,0.98,-0.12450000000000006,2,0.0,both
1125,0.06,-1.297,1,0.0,conserved_only
1126,1.0,-0.45116666666666666,6,0.5,both
1127,0.94,-1.258,5,0.4,both
1128,0.94,-1.258,5,0.4,both
1132,0.36,-0.0020000000000000018,2,0.0,conserved_only
1133,0.36,-0.0020000000000000018,2,0.0,conserved_only
1134,0.92,0.9225000000000001,2,0.0,recurrent_only
1135,0.38,0.495,1,0.0,neither
1136,0.98,0.06825000000000002,4,0.75,both
1137,0.98,0.06825000000000002,4,0.75,both
1138,0.98,0.06825000000000002,4,0.75,both
1139,0.86,0.4045000000000001,2,0.0,recurrent_only
1140,0.86,0.4045000000000001,2,0.0,recurrent_only
1141,0.3,0.909,1,0.0,neither
1142,1.0,1.357,1,0.0,recurrent_only
1143,1.0,1.357,1,0.0,recurrent_only
1144,1.0,1.357,1,0.0,recurrent_only
1145,0.72,0.557,1,0.0,recurrent_only
1146,0.3,0.699,1,0.0,neither
1147,0.3,0.699,1,0.0,neither
1148,0.22,1.5375,2,0.0,neither
1149,0.12,1.8119999999999998,2,0.0,neither
1150,0.12,1.8119999999999998,2,0.0,neither
1151,0.3,1.495,1,0.0,neither
1152,0.1,2.639,1,0.0,neither
1153,0.22,-1.29,1,0.0,conserved_only
1154,0.24,-1.29,1,0.0,conserved_only
1155,0.68,-1.376,5,0.6,conserved_only
1156,1.0,-0.6734,5,0.6,both
1157,1.0,-0.6734,5,0.6,both
1158,1.0,-0.6734,5,0.6,both
1159,0.58,-0.6034999999999999,2,0.0,conserved_only
1160,0.58,-0.6034999999999999,2,0.0,conserved_only
1162,0.56,-0.718,1,0.0,conserved_only
1163,0.14,-0.59,2,0.0,conserved_only
1164,0.52,-1.1213333333333333,3,0.0,conserved_only
1165,0.22,-0.929,1,0.0,conserved_only
1166,0.22,-0.929,1,0.0,conserved_only
1167,0.32,-0.198,1,0.0,conserved_only
1168,0.3,-0.198,1,0.0,conserved_only
1170,0.14,-0.079,2,0.0,conserved_only
1172,0.46,0.5926666666666667,3,0.3333333333333333,neither
1173,0.2,-0.198,1,0.0,conserved_only
1174,0.2,-0.198,1,0.0,conserved_only
1176,0.7,0.445,3,0.0,recurrent_only
1177,0.7,0.445,3,0.0,recurrent_only
1178,0.7,0.445,3,0.0,recurrent_only
1179,0.22,0.306,1,0.0,neither
1180,0.26,-0.5119999999999999,5,0.4,conserved_only
1181,0.26,-0.5119999999999999,5,0.4,conserved_only
1182,0.26,-0.5119999999999999,5,0.4,conserved_only
1183,1.0,1.168,4,0.0,recurrent_only
1184,0.76,1.0195,2,0.0,recurrent_only
1185,0.36,0.4455,2,0.5,neither
1186,0.46,1.0483333333333333,3,0.0,neither
1187,0.56,-0.1005,2,0.5,conserved_only
1188,0.68,-1.325,1,1.0,conserved_only
1189,0.68,-1.325,1,1.0,conserved_only
1190,0.62,1.453,3,0.0,neither
1191,0.6,1.453,3,0.0,neither
1193,0.94,0.23700000000000002,3,0.3333333333333333,both
1194,0.92,0.378,4,0.0,recurrent_only
1195,0.96,-1.258,5,0.4,both
1196,0.44,0.559,1,0.0,neither
1197,0.64,1.8960000000000001,2,0.0,neither
1198,0.38,0.495,1,0.0,neither
1199,0.6,0.9076666666666666,3,0.3333333333333333,neither
1200,0.44,0.458,2,0.5,neither
1201,0.9,-0.616,2,0.5,both
1202,0.3,0.909,1,0.0,neither
1203,0.96,1.2123333333333335,3,0.0,recurrent_only
1204,0.8,0.699,1,0.0,recurrent_only
1205,0.62,0.557,1,0.0,neither
1206,0.1,1.5466666666666669,3,0.0,neither
1207,0.32,1.5466666666666669,3,0.0,neither
1208,0.22,1.5375,2,0.0,neither
1209,0.2,1.723,1,0.0,neither
1210,0.3,1.495,1,0.0,neither
1211,0.3,1.495,1,0.0,neither
1213,0.66,1.936,2,0.0,neither
1215,0.08,-0.59,2,0.0,conserved_only
1216,0.52,-1.1213333333333333,3,0.0,conserved_only
1217,0.28,0.3705,2,0.5,neither
1218,0.28,0.3705,2,0.5,neither
1219,0.28,0.3705,2,0.5,neither
1220,0.1,1.235,1,0.0,neither
1221,0.92,-0.019500000000000003,2,0.0,both
1222,0.04,0.625,1,0.0,neither
1223,0.08,-0.9335,2,0.0,conserved_only
1225,0.46,0.20233333333333337,3,0.0,conserved_only
1226,0.46,0.20233333333333337,3,0.0,conserved_only
1227,0.14,-0.365,1,0.0,conserved_only
1228,0.12,0.271,1,0.0,neither
1229,0.16,0.5115,2,0.0,neither
1230,1.0,1.168,4,0.0,recurrent_only
1231,1.0,-0.053500000000000006,2,0.5,both
1232,0.16,0.6185,2,0.0,neither
1233,0.06,0.4455,2,0.5,neither
1234,0.12,0.43966666666666665,3,0.3333333333333333,neither
1235,0.46,0.438,1,0.0,neither
1236,0.68,-1.325,1,1.0,conserved_only
1237,1.0,0.9546666666666667,3,0.0,recurrent_only
1238,0.78,-0.255,2,0.0,both
1239,0.04,0.248,1,0.0,conserved_only
1240,0.04,0.557,1,0.0,neither
1241,0.16,0.158,1,0.0,conserved_only
1243,0.1,-1.297,1,0.0,conserved_only
1244,0.08,-1.297,1,0.0,conserved_only
1245,0.94,0.23700000000000002,3,0.3333333333333333,both
1246,0.94,-1.258,5,0.4,both
1247,0.38,0.495,1,0.0,neither
1250,0.92,0.454,1,0.0,recurrent_only
1251,0.96,1.2123333333333335,3,0.0,recurrent_only
1252,0.96,1.2123333333333335,3,0.0,recurrent_only
1253,0.8,0.699,1,0.0,recurrent_only
1254,0.8,0.699,1,0.0,recurrent_only
1255,0.6,0.699,1,0.0,neither
1256,0.72,0.557,1,0.0,recurrent_only
1257,0.48,0.8634999999999999,2,0.0,neither
1258,0.54,0.8634999999999999,2,0.0,neither
1259,0.62,2.48,2,0.0,neither
1260,0.62,1.2245,2,0.0,neither
1263,0.18,1.7965,2,0.0,neither
1264,0.18,1.7965,2,0.0,neither
1265,0.98,2.549,2,0.0,recurrent_only
1266,0.98,2.549,2,0.0,recurrent_only
1267,0.68,-1.376,5,0.6,conserved_only
1268,0.76,-0.08050000000000002,2,0.0,both
1269,0.14,-0.59,2,0.0,conserved_only
1270,0.12,-0.59,2,0.0,conserved_only
1273,0.12,-1.29,1,0.0,conserved_only
1274,0.14,-1.388,2,0.0,conserved_only
1275,0.52,-1.1213333333333333,3,0.0,conserved_only
1276,0.4,-0.198,1,0.0,conserved_only
1277,0.28,0.3705,2,0.5,neither
1278,0.28,0.3705,2,0.5,neither
1279,0.58,0.5926666666666667,3,0.3333333333333333,neither
1280,0.58,0.5926666666666667,3,0.3333333333333333,neither
1281,0.58,0.5926666666666667,3,0.3333333333333333,neither
1282,0.58,0.5926666666666667,3,0.3333333333333333,neither
1283,0.54,0.5926666666666667,3,0.3333333333333333,neither
1284,0.34,0.5762499999999999,4,0.0,neither
1285,0.72,-1.2204000000000002,5,0.2,both
1286,0.72,-1.2204000000000002,5,0.2,both
1287,0.92,-0.019500000000000003,2,0.0,both
1288,0.96,-0.7058,5,0.4,both
1289,1.0,-0.053500000000000006,2,0.5,both
1290,0.68,-1.325,1,1.0,conserved_only
1291,0.68,2.082,1,0.0,neither
1292,1.0,0.9546666666666667,3,0.0,recurrent_only
1293,0.78,-0.255,2,0.0,both
1294,0.78,-0.255,2,0.0,both
1296,0.82,-0.869,1,0.0,both
1297,0.7,-0.4403333333333333,3,0.0,both
1298,0.96,-0.7465,2,0.0,both
1299,0.6,-0.6306666666666666,3,0.3333333333333333,conserved_only
1300,0.6,-0.6306666666666666,3,0.3333333333333333,conserved_only
1301,0.94,0.23700000000000002,3,0.3333333333333333,both
1302,0.94,0.23700000000000002,3,0.3333333333333333,both
1303,0.64,-1.108,1,1.0,conserved_only
1304,0.64,-1.108,1,1.0,conserved_only
1306,0.64,1.8960000000000001,2,0.0,neither
1307,0.38,0.495,1,0.0,neither
1308,0.38,0.495,1,0.0,neither
1309,0.94,-0.9935,2,0.5,both
1312,0.9,-0.5146,5,0.0,both
1313,0.92,0.454,1,0.0,recurrent_only
1314,0.92,0.454,1,0.0,recurrent_only
1315,0.8,0.699,1,0.0,recurrent_only
1316,0.62,0.699,1,0.0,neither
1317,0.62,0.557,1,0.0,neither
1318,0.72,0.557,1,0.0,recurrent_only
1319,0.54,0.8634999999999999,2,0.0,neither
1320,1.0,0.6505,4,0.25,recurrent_only
1321,0.62,1.2245,2,0.0,neither
1325,0.68,-0.417,3,0.0,conserved_only
1326,0.68,-1.376,5,0.6,conserved_only
1327,0.68,-1.376,5,0.6,conserved_only
1328,1.0,-0.6734,5,0.6,both
1329,1.0,-0.6734,5,0.6,both
1330,0.76,-0.08050000000000002,2,0.0,both
1331,0.76,-0.08050000000000002,2,0.0,both
1332,0.76,-0.08050000000000002,2,0.0,both
1333,0.76,-0.08050000000000002,2,0.0,both
1335,0.12,-0.2705,2,0.0,conserved_only
1336,0.54,-1.2125,4,0.0,conserved_only
1337,0.54,-1.2125,4,0.0,conserved_only
1338,0.36,-0.198,1,0.0,conserved_only
1339,0.24,-0.198,1,0.0,conserved_only
1340,0.32,-0.317,1,0.0,conserved_only
1341,0.56,0.5926666666666667,3,0.3333333333333333,neither
1342,0.56,0.5926666666666667,3,0.3333333333333333,neither
1343,0.34,0.5762499999999999,4,0.0,neither
1344,0.34,0.5762499999999999,4,0.0,neither
1345,0.08,1.06,1,0.0,neither
1347,0.26,-0.5119999999999999,5,0.4,conserved_only
1348,0.26,-0.5119999999999999,5,0.4,conserved_only
1349,0.04,-0.816,1,0.0,conserved_only
1350,0.12,-0.337,1,0.0,conserved_only
1351,0.12,2.602,1,0.0,neither
1352,0.12,2.602,1,0.0,neither
1353,0.48,-0.859,1,0.0,conserved_only
1354,1.0,-0.053500000000000006,2,0.5,both
1355,0.04,0.438,1,0.0,neither
1356,0.12,0.6215,2,0.0,neither
1357,0.36,0.4455,2,0.5,neither
1358,0.36,0.4455,2,0.5,neither
1359,0.7,2.1295,2,0.0,recurrent_only
1360,0.28,0.158,1,0.0,conserved_only
1361,0.26,0.158,1,0.0,conserved_only
1362,0.08,1.478,1,0.0,neither
1363,0.96,-0.7465,2,0.0,both
1364,0.6,-0.6306666666666666,3,0.3333333333333333,conserved_only
1365,0.6,-0.6306666666666666,3,0.3333333333333333,conserved_only
1366,0.94,0.23700000000000002,3,0.3333333333333333,both
1367,0.92,0.378,4,0.0,recurrent_only
1368,0.94,-1.258,5,0.4,both
1369,0.58,0.79,2,0.0,neither
1370,0.92,-0.491,1,0.0,both
1371,0.2,-0.067,2,0.5,conserved_only
1372,0.2,-0.067,2,0.5,conserved_only
1373,0.92,0.9225000000000001,2,0.0,recurrent_only
1374,0.94,-0.491,1,0.0,both
1375,0.98,-0.12,1,1.0,both
1376,0.82,-0.5146,5,0.0,both
1377,0.82,-0.5146,5,0.0,both
1378,0.9,-0.5146,5,0.0,both
1379,0.92,-0.5146,5,0.0,both
1380,0.3,-0.5146,5,0.0,conserved_only
1381,0.3,0.909,1,0.0,neither
1382,0.3,0.909,1,0.0,neither
1383,0.8,0.699,1,0.0,recurrent_only
1384,0.62,0.557,1,0.0,neither
1385,0.72,0.557,1,0.0,recurrent_only
1386,0.54,0.8634999999999999,2,0.0,neither
1387,0.62,2.48,2,0.0,neither
1388,0.62,2.48,2,0.0,neither
1389,1.0,0.6505,4,0.25,recurrent_only
1390,0.62,1.2245,2,0.0,neither
1391,0.66,1.936,2,0.0,neither
1392,0.66,1.936,2,0.0,neither
1393,0.68,1.936,2,0.0,neither
1394,0.98,2.549,2,0.0,recurrent_only
1395,0.98,2.549,2,0.0,recurrent_only
1396,0.54,-1.36425,4,0.25,conserved_only
1397,0.66,-1.3463333333333332,3,0.0,conserved_only
1398,0.44,-0.198,1,0.0,conserved_only
1399,0.7,0.445,3,0.0,recurrent_only
1400,0.46,0.20233333333333337,3,0.0,conserved_only
1401,0.1,-0.337,1,0.0,conserved_only
1402,0.1,-0.337,1,0.0,conserved_only
1403,0.48,-0.859,1,0.0,conserved_only
1404,0.74,-0.046,4,0.0,both
1405,0.08,0.584,2,0.0,neither
1406,0.46,1.0483333333333333,3,0.0,neither
1407,0.44,1.0483333333333333,3,0.0,neither
1408,0.6,1.453,3,0.0,neither
1409,0.6,1.453,3,0.0,neither
1410,0.4,0.818,2,0.0,neither
1411,0.42,0.818,2,0.0,neither
1412,0.18,1.478,1,0.0,neither
1413,0.18,1.478,1,0.0,neither
1414,0.82,-0.869,1,0.0,both
1415,0.96,-0.7465,2,0.0,both
1416,0.96,-0.7465,2,0.0,both
1417,0.94,0.23700000000000002,3,0.3333333333333333,both
1418,0.92,0.378,4,0.0,recurrent_only
1419,0.92,-0.491,1,0.0,both
1420,0.92,-0.491,1,0.0,both
1421,0.88,0.06300000000000006,2,0.0,both
1423,0.86,-0.5146,5,0.0,both
1424,0.98,0.06825000000000002,4,0.75,both
1425,0.92,0.454,1,0.0,recurrent_only
1426,0.92,0.454,1,0.0,recurrent_only
1427,0.92,0.454,1,0.0,recurrent_only
1428,0.92,0.454,1,0.0,recurrent_only
1429,0.94,2.442,1,0.0,recurrent_only
1430,0.94,2.442,1,0.0,recurrent_only
1431,0.8,0.699,1,0.0,recurrent_only
1432,0.62,0.557,1,0.0,neither
1433,0.62,0.557,1,0.0,neither
1434,0.72,0.557,1,0.0,recurrent_only
1435,0.72,0.557,1,0.0,recurrent_only
1436,0.5,0.8634999999999999,2,0.0,neither
1437,0.48,0.8634999999999999,2,0.0,neither
1438,1.0,0.6505,4,0.25,recurrent_only
1439,0.62,1.2245,2,0.0,neither
1440,0.62,1.2245,2,0.0,neither
1442,0.98,2.549,2,0.0,recurrent_only
1443,0.54,-1.36425,4,0.25,conserved_only
1444,0.66,-1.052,4,0.25,conserved_only
1445,0.66,-1.052,4,0.25,conserved_only
1446,0.66,-1.052,4,0.25,conserved_only
1447,0.52,-1.1213333333333333,3,0.0,conserved_only
1448,0.52,-1.1213333333333333,3,0.0,conserved_only
1449,0.82,-0.002999999999999975,3,0.0,both
1450,0.04,0.739,1,0.0,neither
1452,0.04,0.271,1,0.0,neither
1453,0.64,0.35966666666666663,3,0.0,neither
1454,1.0,1.168,4,0.0,recurrent_only
1455,0.04,0.183,1,0.0,conserved_only
1456,0.76,1.0195,2,0.0,recurrent_only
1457,0.76,1.0195,2,0.0,recurrent_only
1458,0.48,0.438,1,0.0,neither
1459,0.48,0.438,1,0.0,neither
1460,0.56,-0.1005,2,0.5,conserved_only
1461,0.58,0.16625,4,0.25,conserved_only
1462,0.68,-1.325,1,1.0,conserved_only
1463,0.7,2.1295,2,0.0,recurrent_only
1464,0.92,-0.6675,2,0.0,both
1465,0.92,-0.6675,2,0.0,both
1466,0.92,-0.6675,2,0.0,both
1467,0.36,-0.44100000000000006,2,0.0,conserved_only
1468,0.34,0.818,2,0.0,neither
1469,0.34,0.818,2,0.0,neither
1470,0.44,0.81475,4,0.0,neither
1471,0.44,0.81475,4,0.0,neither
1472,0.14,-0.7505000000000001,2,0.0,conserved_only
1473,0.98,-0.12450000000000006,2,0.0,both
1474,0.98,-0.12450000000000006,2,0.0,both
1475,0.94,0.23700000000000002,3,0.3333333333333333,both
1476,0.92,0.378,4,0.0,recurrent_only
1477,0.94,-1.258,5,0.4,both
1478,0.58,0.79,2,0.0,neither
1479,0.92,0.9225000000000001,2,0.0,recurrent_only
1480,0.94,-0.491,1,0.0,both
1481,0.94,-0.491,1,0.0,both
1482,0.88,0.06300000000000006,2,0.0,both
1483,0.9,-0.616,2,0.5,both
1484,0.94,2.442,1,0.0,recurrent_only
1485,0.96,1.2123333333333335,3,0.0,recurrent_only
1486,0.8,0.699,1,0.0,recurrent_only
1487,0.6,0.699,1,0.0,neither
1488,0.6,0.699,1,0.0,neither
1489,0.62,0.699,1,0.0,neither
1490,0.6,0.699,1,0.0,neither
1491,1.0,1.357,1,0.0,recurrent_only
1492,1.0,1.357,1,0.0,recurrent_only
1493,1.0,0.6505,4,0.25,recurrent_only
1495,0.06,-0.62,1,0.0,conserved_only
1496,0.04,-0.2705,2,0.0,conserved_only
1497,0.66,-1.3463333333333332,3,0.0,conserved_only
1498,0.66,-1.3463333333333332,3,0.0,conserved_only
1499,0.66,-1.3463333333333332,3,0.0,conserved_only
1500,0.42,-0.198,1,0.0,conserved_only
1501,0.92,-0.019500000000000003,2,0.0,both
1502,0.7,0.445,3,0.0,recurrent_only
1503,0.36,-0.17233333333333334,4,0.3333333333333333,conserved_only
1504,0.08,-0.03849999999999998,2,0.0,conserved_only
1508,0.06,0.684,1,0.0,neither
1509,0.22,0.985,1,0.0,neither
1510,0.6,0.35966666666666663,3,0.0,neither
1511,1.0,1.168,4,0.0,recurrent_only
1512,0.16,0.985,1,0.0,neither
1513,0.58,0.7115,2,0.0,neither
1514,0.68,-1.325,1,1.0,conserved_only
1515,0.48,-0.44100000000000006,2,0.0,conserved_only
1517,0.34,-1.297,1,0.0,conserved_only
1518,0.18,-0.7505000000000001,2,0.0,conserved_only
1519,0.42,-0.7505000000000001,2,0.0,conserved_only
1520,0.64,-0.84425,4,0.25,conserved_only
1521,0.98,-0.12450000000000006,2,0.0,both
1522,0.98,-0.12450000000000006,2,0.0,both
1523,0.98,-0.12450000000000006,2,0.0,both
1524,0.6,-0.6306666666666666,3,0.3333333333333333,conserved_only
1525,0.92,0.378,4,0.0,recurrent_only
1526,1.0,-0.45116666666666666,6,0.5,both
1527,1.0,-0.45116666666666666,6,0.5,both
1528,0.94,-1.258,5,0.4,both
1529,0.58,0.79,2,0.0,neither
1531,0.94,-0.491,1,0.0,both
1532,1.0,-0.6134999999999999,2,0.5,both
1535,0.9,-0.5146,5,0.0,both
1536,0.9,-0.5146,5,0.0,both
1537,0.8,0.699,1,0.0,recurrent_only
1538,0.8,0.699,1,0.0,recurrent_only
1539,1.0,1.357,1,0.0,recurrent_only
1540,0.68,1.936,2,0.0,neither
1542,0.98,2.549,2,0.0,recurrent_only
1543,1.0,-0.247,1,0.0,both
1545,0.2,-0.198,1,0.0,conserved_only
1546,0.2,-0.198,1,0.0,conserved_only
1547,0.66,-1.052,4,0.25,conserved_only
1548,0.46,-0.198,1,0.0,conserved_only
1549,0.32,-0.317,1,0.0,conserved_only
1550,0.82,-0.002999999999999975,3,0.0,both
1551,0.7,0.445,3,0.0,recurrent_only
1552,0.7,0.445,3,0.0,recurrent_only
1553,0.12,0.6606666666666666,3,0.0,neither
1554,0.28,0.6606666666666666,3,0.0,neither
1555,0.96,-0.7058,5,0.4,both
1556,0.96,-0.7058,5,0.4,both
1557,0.46,0.20233333333333337,3,0.0,conserved_only
1558,0.3,-0.337,1,0.0,conserved_only
1559,0.04,1.139,1,0.0,neither
1560,0.48,-0.859,1,0.0,conserved_only
1561,0.48,-0.859,1,0.0,conserved_only
1562,0.5,0.438,1,0.0,neither
1563,0.68,2.082,1,0.0,neither
1564,0.7,2.1295,2,0.0,recurrent_only
1565,0.7,2.1295,2,0.0,recurrent_only
1566,1.0,0.9546666666666667,3,0.0,recurrent_only
1568,0.4,-1.242,2,0.5,conserved_only
1569,0.44,-0.2263333333333333,3,0.0,conserved_only
1570,0.44,0.81475,4,0.0,neither
1571,0.82,-0.869,1,0.0,both
1573,0.48,-0.599,2,0.0,conserved_only
1574,0.46,-0.599,2,0.0,conserved_only
1575,0.44,-1.297,1,0.0,conserved_only
1576,0.64,-0.9039999999999999,5,0.4,conserved_only
1577,0.64,-0.9039999999999999,5,0.4,conserved_only
1578,0.6,-0.6306666666666666,3,0.3333333333333333,conserved_only
1579,0.6,-0.6306666666666666,3,0.3333333333333333,conserved_only
1580,0.94,0.23700000000000002,3,0.3333333333333333,both
1581,0.92,0.378,4,0.0,recurrent_only
1582,0.94,-1.258,5,0.4,both
1583,0.92,-0.491,1,0.0,both
1584,0.92,-0.491,1,0.0,both
1585,0.92,-0.491,1,0.0,both
1587,0.92,0.9225000000000001,2,0.0,recurrent_only
1588,0.64,1.8960000000000001,2,0.0,neither
1589,0.94,-0.491,1,0.0,both
1590,0.88,0.06300000000000006,2,0.0,both
1591,0.98,0.06825000000000002,4,0.75,both
1592,0.98,0.06825000000000002,4,0.75,both
1593,0.9,-0.616,2,0.5,both
1594,0.9,-0.616,2,0.5,both
1595,1.0,1.357,1,0.0,recurrent_only
1596,1.0,0.6505,4,0.25,recurrent_only
1599,0.68,-0.417,3,0.0,conserved_only
1600,0.68,-0.417,3,0.0,conserved_only
1601,0.68,-0.417,3,0.0,conserved_only
1602,0.68,-0.417,3,0.0,conserved_only
1603,0.54,-1.36425,4,0.25,conserved_only
1604,0.74,-0.6565,2,0.0,both
1605,0.66,-1.052,4,0.25,conserved_only
1606,0.32,-0.317,1,0.0,conserved_only
1607,0.32,-0.317,1,0.0,conserved_only
1608,0.96,-0.7058,5,0.4,both
1609,0.46,0.20233333333333337,3,0.0,conserved_only
1610,0.32,-0.337,1,0.0,conserved_only
1611,0.32,-0.337,1,0.0,conserved_only
1612,0.32,-0.337,1,0.0,conserved_only
1614,1.0,0.935,2,0.0,recurrent_only
1615,0.6,0.35966666666666663,3,0.0,neither
1616,0.76,1.0195,2,0.0,recurrent_only
1617,0.68,-1.325,1,1.0,conserved_only
1618,0.68,-1.325,1,1.0,conserved_only
1619,0.48,-0.44100000000000006,2,0.0,conserved_only
1620,0.48,-0.44100000000000006,2,0.0,conserved_only
1621,0.56,-1.484,1,0.0,conserved_only
1622,0.44,-0.2263333333333333,3,0.0,conserved_only
1623,0.3,0.818,2,0.0,neither
1624,0.38,0.818,2,0.0,neither
1627,0.98,-0.12450000000000006,2,0.0,both
1628,0.94,0.23700000000000002,3,0.3333333333333333,both
1629,0.92,0.378,4,0.0,recurrent_only
1630,0.92,-0.491,1,0.0,both
1631,0.94,-0.491,1,0.0,both
1632,0.94,-0.491,1,0.0,both
1633,0.78,-0.7655,2,0.0,both
1634,0.92,0.454,1,0.0,recurrent_only
1635,0.96,1.2123333333333335,3,0.0,recurrent_only
1636,1.0,0.6505,4,0.25,recurrent_only
1637,1.0,0.6505,4,0.25,recurrent_only
1638,0.98,2.549,2,0.0,recurrent_only
1639,0.98,2.549,2,0.0,recurrent_only
1640,0.66,-1.052,4,0.25,conserved_only
1641,0.42,-0.198,1,0.0,conserved_only
1642,0.44,-0.198,1,0.0,conserved_only
1643,0.82,-0.002999999999999975,3,0.0,both
1644,0.62,0.6970000000000001,2,0.0,neither
1645,0.64,0.6970000000000001,2,0.0,neither
1646,0.3,0.4655,2,0.0,neither
1647,0.46,0.20233333333333337,3,0.0,conserved_only
1648,0.46,0.20233333333333337,3,0.0,conserved_only
1649,0.32,-0.337,1,0.0,conserved_only
1650,0.32,-0.337,1,0.0,conserved_only
1651,0.04,1.139,1,0.0,neither
1653,1.0,0.935,2,0.0,recurrent_only
1654,0.52,0.7115,2,0.0,neither
1655,0.7,0.598,3,0.0,recurrent_only
1656,0.92,-0.6675,2,0.0,both
1657,0.94,-0.6323333333333333,3,0.3333333333333333,both
1658,0.54,0.3705,2,0.0,neither
1659,0.42,0.81475,4,0.0,neither
1660,0.42,0.81475,4,0.0,neither
1664,0.08,1.1440000000000001,2,0.0,neither
1665,0.72,1.197,3,0.0,recurrent_only
1666,0.98,-0.12450000000000006,2,0.0,both
1667,0.94,0.23700000000000002,3,0.3333333333333333,both
1668,0.92,0.378,4,0.0,recurrent_only
1669,1.0,-0.45116666666666666,6,0.5,both
1670,1.0,-0.45116666666666666,6,0.5,both
1671,0.94,-1.258,5,0.4,both
1672,0.94,-1.258,5,0.4,both
1673,0.58,0.79,2,0.0,neither
1674,0.64,1.8960000000000001,2,0.0,neither
1675,0.94,-0.491,1,0.0,both
1676,1.0,-0.6134999999999999,2,0.5,both
1677,0.9,-0.616,2,0.5,both
1678,0.94,2.442,1,0.0,recurrent_only
1679,0.94,2.442,1,0.0,recurrent_only
1680,1.0,1.357,1,0.0,recurrent_only
1681,0.54,-1.36425,4,0.25,conserved_only
1682,0.54,-1.36425,4,0.25,conserved_only
1684,0.6,-0.5635,2,0.0,conserved_only
1685,0.82,-0.002999999999999975,3,0.0,both
1686,0.3,0.159,1,0.0,conserved_only
1687,0.3,0.4655,2,0.0,neither
1688,0.3,0.4655,2,0.0,neither
1689,0.34,-0.17233333333333334,4,0.3333333333333333,conserved_only
1690,0.34,-0.17233333333333334,4,0.3333333333333333,conserved_only
1691,0.96,-0.7058,5,0.4,both
1692,0.96,-0.7058,5,0.4,both
1694,0.92,0.62,2,0.0,recurrent_only
1695,0.16,1.357,1,0.0,neither
1697,1.0,0.935,2,0.0,recurrent_only
1698,1.0,1.168,4,0.0,recurrent_only
1699,0.68,2.082,1,0.0,neither
1700,0.68,2.082,1,0.0,neither
1701,1.0,0.9546666666666667,3,0.0,recurrent_only
1702,0.58,-1.484,1,0.0,conserved_only
1703,0.62,-1.484,1,0.0,conserved_only
1704,0.46,-0.2263333333333333,3,0.0,conserved_only
1705,0.82,-0.869,1,0.0,both
1706,0.92,0.378,4,0.0,recurrent_only
1707,1.0,-0.45116666666666666,6,0.5,both
1708,0.58,0.79,2,0.0,neither
1709,0.58,0.79,2,0.0,neither
1710,0.64,1.8960000000000001,2,0.0,neither
1711,0.98,0.06825000000000002,4,0.75,both
1712,0.92,0.454,1,0.0,recurrent_only
1713,0.92,0.454,1,0.0,recurrent_only
1714,0.92,0.454,1,0.0,recurrent_only
1715,0.94,2.442,1,0.0,recurrent_only
1716,0.94,2.442,1,0.0,recurrent_only
1717,0.96,1.2123333333333335,3,0.0,recurrent_only
1718,1.0,1.357,1,0.0,recurrent_only
1719,1.0,1.357,1,0.0,recurrent_only
1720,0.34,-0.198,1,0.0,conserved_only
1721,0.64,-0.907,2,0.0,conserved_only
1722,0.84,-0.907,2,0.0,both
1723,0.46,-0.907,2,0.0,conserved_only
1724,0.82,-0.907,2,0.0,both
1725,0.72,-0.6565,2,0.0,both
1726,0.66,-1.3463333333333332,3,0.0,conserved_only
1727,0.8,-0.002999999999999975,3,0.0,both
1728,0.4,0.159,1,0.0,conserved_only
1730,1.0,0.3526666666666667,3,0.0,recurrent_only
1732,0.92,0.62,2,0.0,recurrent_only
1733,0.92,0.62,2,0.0,recurrent_only
1734,0.92,0.7853333333333333,3,0.0,recurrent_only
1735,0.76,-0.046,4,0.0,both
1736,0.76,-0.046,4,0.0,both
1737,1.0,1.168,4,0.0,recurrent_only
1738,0.6,0.3055,2,0.0,neither
1739,0.74,0.598,3,0.0,recurrent_only
1740,0.76,1.0195,2,0.0,recurrent_only
1741,1.0,0.9546666666666667,3,0.0,recurrent_only
1742,0.54,0.3705,2,0.0,neither
1743,0.46,-0.2263333333333333,3,0.0,conserved_only
1744,0.46,-0.2263333333333333,3,0.0,conserved_only
1747,0.44,-1.297,1,0.0,conserved_only
1748,0.16,-0.7505000000000001,2,0.0,conserved_only
1749,0.18,-0.7505000000000001,2,0.0,conserved_only
1750,0.94,0.23700000000000002,3,0.3333333333333333,both
1751,0.92,0.378,4,0.0,recurrent_only
1752,0.92,0.378,4,0.0,recurrent_only
1753,0.92,-0.491,1,0.0,both
1754,0.64,1.8960000000000001,2,0.0,neither
1755,0.64,1.8960000000000001,2,0.0,neither
1756,0.78,-0.7655,2,0.0,both
1757,0.78,-0.7655,2,0.0,both
1758,0.98,0.06825000000000002,4,0.75,both
1759,0.92,0.454,1,0.0,recurrent_only
1760,0.92,0.454,1,0.0,recurrent_only
1761,0.34,0.159,1,0.0,conserved_only
1762,0.38,0.159,1,0.0,conserved_only
1763,0.96,-0.7058,5,0.4,both
1764,0.06,0.936,1,0.0,neither
1765,0.12,1.357,1,0.0,neither
1766,0.12,1.357,1,0.0,neither
1767,1.0,0.935,2,0.0,recurrent_only
1768,1.0,0.935,2,0.0,recurrent_only
1769,0.48,-0.859,1,0.0,conserved_only
1770,0.48,-0.859,1,0.0,conserved_only
1771,0.6,0.35966666666666663,3,0.0,neither
1772,1.0,1.168,4,0.0,recurrent_only
1773,0.32,0.428,1,0.0,neither
1774,0.74,0.3055,2,0.0,recurrent_only
1775,0.76,1.0195,2,0.0,recurrent_only
1776,0.76,1.0195,2,0.0,recurrent_only
1777,0.68,2.082,1,0.0,neither
1778,0.68,2.082,1,0.0,neither
1779,0.54,0.3705,2,0.0,neither
1780,0.46,-0.2263333333333333,3,0.0,conserved_only
1781,0.46,-0.2263333333333333,3,0.0,conserved_only
1782,0.4,1.113,2,0.0,neither
1783,0.94,0.23700000000000002,3,0.3333333333333333,both
1785,0.94,-0.9935,2,0.5,both
1786,0.94,-0.9935,2,0.5,both
1787,0.94,-0.9935,2,0.5,both
1788,0.94,2.442,1,0.0,recurrent_only
1789,0.94,2.442,1,0.0,recurrent_only
1790,0.96,1.2123333333333335,3,0.0,recurrent_only
1791,0.96,1.2123333333333335,3,0.0,recurrent_only
1792,0.32,-0.525,1,0.0,conserved_only
1793,0.66,-1.3463333333333332,3,0.0,conserved_only
1794,0.66,-1.3463333333333332,3,0.0,conserved_only
1795,0.66,-1.052,4,0.25,conserved_only
1796,0.66,-1.052,4,0.25,conserved_only
1797,0.8,-0.002999999999999975,3,0.0,both
1798,0.92,-0.019500000000000003,2,0.0,both
1799,0.92,-0.019500000000000003,2,0.0,both
1800,0.92,-0.019500000000000003,2,0.0,both
1803,0.54,0.37,2,0.0,neither
1805,0.14,-0.112,1,0.0,conserved_only
1807,0.92,0.7853333333333333,3,0.0,recurrent_only
1808,0.08,0.985,1,0.0,neither
1809,0.46,0.5855,2,0.0,neither
1810,0.34,0.5855,2,0.0,neither
1811,0.54,0.985,1,0.0,neither
1812,1.0,0.935,2,0.0,recurrent_only
1813,1.0,0.935,2,0.0,recurrent_only
1815,0.92,-0.6675,2,0.0,both
1816,0.92,-0.6675,2,0.0,both
1817,0.92,-0.6675,2,0.0,both
1818,0.92,-0.6323333333333333,3,0.3333333333333333,both
1819,0.5,-0.9016666666666667,3,0.0,conserved_only
1820,0.82,-0.869,1,0.0,both
1821,0.46,-1.297,1,0.0,conserved_only
1822,0.46,-1.297,1,0.0,conserved_only
1823,0.22,-0.503,3,0.0,conserved_only
1824,0.46,1.113,2,0.0,neither
1825,0.28,1.113,2,0.0,neither
1826,0.98,-0.12450000000000006,2,0.0,both
1827,0.94,0.23700000000000002,3,0.3333333333333333,both
1828,0.94,0.23700000000000002,3,0.3333333333333333,both
1829,0.92,-0.491,1,0.0,both
1831,0.94,-0.9935,2,0.5,both
1832,0.78,-0.7655,2,0.0,both
1833,0.9,-0.616,2,0.5,both
1834,0.9,-0.616,2,0.5,both
1835,0.9,-0.907,2,0.0,both
1836,0.86,-0.907,2,0.0,both
1837,0.96,-0.7058,5,0.4,both
1838,0.84,-0.337,1,0.0,both
1839,0.84,-0.337,1,0.0,both
1840,0.14,0.686,2,0.0,neither
1844,0.98,0.6974999999999999,2,0.0,recurrent_only
1845,0.16,0.7835,2,0.0,neither
1846,0.06,1.139,1,0.0,neither
1847,0.6,0.35966666666666663,3,0.0,neither
1848,0.6,0.35966666666666663,3,0.0,neither
1849,1.0,1.168,4,0.0,recurrent_only
1850,1.0,-0.053500000000000006,2,0.5,both
1851,0.52,0.7115,2,0.0,neither
1854,0.82,0.49425,4,0.0,recurrent_only
1855,0.64,-1.469,1,0.0,conserved_only
1856,0.94,-0.6323333333333333,3,0.3333333333333333,both
1857,0.54,0.61,2,0.0,neither
1858,0.92,0.9225000000000001,2,0.0,recurrent_only
1859,0.98,-0.12,1,1.0,both
1860,0.98,-0.12,1,1.0,both
1861,1.0,-0.6134999999999999,2,0.5,both
1862,0.78,-0.7655,2,0.0,both
1863,0.78,-0.7655,2,0.0,both
1864,0.98,0.06825000000000002,4,0.75,both
1865,0.98,0.06825000000000002,4,0.75,both
1866,0.98,0.06825000000000002,4,0.75,both
1867,0.98,0.06825000000000002,4,0.75,both
1868,0.5,-0.198,1,0.0,conserved_only
1869,0.34,0.25599999999999995,2,0.0,neither
1870,0.4,0.25599999999999995,2,0.0,neither
1871,0.32,0.25599999999999995,2,0.0,neither
1872,0.3,0.25599999999999995,2,0.0,neither
1873,0.52,0.25599999999999995,2,0.0,neither
1874,0.6,-0.5635,2,0.0,conserved_only
1875,0.6,-0.5635,2,0.0,conserved_only
1876,0.6,-0.5635,2,0.0,conserved_only
1877,0.72,-0.6565,2,0.0,both
1878,0.92,-0.019500000000000003,2,0.0,both
1879,0.82,-0.337,1,0.0,both
1880,0.82,-0.337,1,0.0,both
1881,0.82,0.621,3,0.0,recurrent_only
1884,0.92,0.62,2,0.0,recurrent_only
1885,0.9,-1.09,1,0.0,both
1886,0.9,-1.09,1,0.0,both
1888,0.52,0.985,1,0.0,neither
1889,1.0,0.935,2,0.0,recurrent_only
1890,1.0,1.168,4,0.0,recurrent_only
1891,0.62,-1.469,1,0.0,conserved_only
1892,0.64,-1.469,1,0.0,conserved_only
1893,0.54,0.3705,2,0.0,neither
1894,0.54,1.113,2,0.0,neither
1895,0.5,1.236,1,0.0,neither
1896,0.98,-0.12450000000000006,2,0.0,both
1897,0.98,-0.12450000000000006,2,0.0,both
1898,0.92,-0.491,1,0.0,both
1900,0.94,-0.491,1,0.0,both
1901,0.88,0.06300000000000006,2,0.0,both
1902,0.94,-0.9935,2,0.5,both
1903,1.0,-0.6134999999999999,2,0.5,both
1904,0.68,1.936,2,0.0,neither
1905,0.68,1.936,2,0.0,neither
1906,0.88,-0.2225,2,0.0,both
1907,0.88,-0.2225,2,0.0,both
1908,0.46,0.25599999999999995,2,0.0,neither
1909,0.92,-0.019500000000000003,2,0.0,both
1910,0.96,-0.7058,5,0.4,both
1911,0.96,-0.7058,5,0.4,both
1912,0.82,0.621,3,0.0,recurrent_only
1913,0.5,0.249,1,0.0,neither
1914,0.8,0.27466666666666667,3,0.0,recurrent_only
1918,0.92,-0.7025,2,0.0,both
1919,0.92,0.62,2,0.0,recurrent_only
1920,0.92,0.7853333333333333,3,0.0,recurrent_only
1922,0.14,1.139,1,0.0,neither
1923,0.76,-0.046,4,0.0,both
1924,1.0,1.168,4,0.0,recurrent_only
1925,1.0,-0.053500000000000006,2,0.5,both
1926,0.8,0.598,3,0.0,recurrent_only
1927,0.52,-0.553,4,0.0,conserved_only
1928,0.48,1.113,2,0.0,neither
1929,1.0,-0.45116666666666666,6,0.5,both
1930,0.94,-0.491,1,0.0,both
1931,0.94,-0.491,1,0.0,both
1932,0.78,-0.7655,2,0.0,both
1933,0.92,-0.019500000000000003,2,0.0,both
1934,0.92,0.14233333333333337,3,0.0,both
1935,0.82,0.627,2,0.0,recurrent_only
1936,0.26,0.249,1,0.0,neither
1937,0.34,0.249,1,0.0,neither
1939,0.5,1.105,1,0.0,neither
1940,0.98,0.6974999999999999,2,0.0,recurrent_only
1941,0.18,0.6475,4,0.0,neither
1942,0.84,0.902,3,0.0,recurrent_only
1943,0.82,0.902,3,0.0,recurrent_only
1944,0.16,1.139,1,0.0,neither
1945,0.1,1.139,1,0.0,neither
1946,0.14,1.139,1,0.0,neither
1947,0.12,1.139,1,0.0,neither
1948,0.88,-0.859,1,0.0,both
1949,1.0,0.935,2,0.0,recurrent_only
1950,1.0,1.168,4,0.0,recurrent_only
1951,1.0,-0.053500000000000006,2,0.5,both
1952,0.82,0.49425,4,0.0,recurrent_only
1953,1.0,0.9546666666666667,3,0.0,recurrent_only
1954,0.92,-0.6675,2,0.0,both
1955,0.54,0.3705,2,0.0,neither
1956,0.54,0.3705,2,0.0,neither
1957,0.92,0.9225000000000001,2,0.0,recurrent_only
1958,0.92,0.9225000000000001,2,0.0,recurrent_only
1959,0.92,0.9225000000000001,2,0.0,recurrent_only
1960,0.46,0.25599999999999995,2,0.0,neither
1961,0.72,-0.6565,2,0.0,both
1962,0.72,-0.6565,2,0.0,both
1963,0.8,-0.002999999999999975,3,0.0,both
1964,0.8,-0.002999999999999975,3,0.0,both
1965,0.96,-0.7058,5,0.4,both
1966,0.96,-0.7058,5,0.4,both
1967,0.96,-0.7058,5,0.4,both
1969,0.92,0.14233333333333337,3,0.0,both
1970,1.0,0.3526666666666667,3,0.0,recurrent_only
1971,1.0,0.3526666666666667,3,0.0,recurrent_only
1972,1.0,0.3526666666666667,3,0.0,recurrent_only
1973,0.82,0.627,2,0.0,recurrent_only
1974,1.0,-0.601,3,0.0,both
1977,0.92,0.7853333333333333,3,0.0,recurrent_only
1978,0.92,0.7853333333333333,3,0.0,recurrent_only
1980,0.72,1.105,1,0.0,recurrent_only
1981,0.72,1.105,1,0.0,recurrent_only
1982,0.98,0.6974999999999999,2,0.0,recurrent_only
1983,0.52,0.985,1,0.0,neither
1984,0.52,0.985,1,0.0,neither
1985,0.5,0.985,1,0.0,neither
1986,0.5,0.985,1,0.0,neither
1987,1.0,1.168,4,0.0,recurrent_only
1988,1.0,-0.053500000000000006,2,0.5,both
1989,1.0,-0.053500000000000006,2,0.5,both
1990,1.0,-0.053500000000000006,2,0.5,both
1991,0.5,0.438,1,0.0,neither
1992,1.0,0.9546666666666667,3,0.0,recurrent_only
1993,0.92,-0.6675,2,0.0,both
1994,0.94,-0.6323333333333333,3,0.3333333333333333,both
1995,0.5,-0.9016666666666667,3,0.0,conserved_only
1996,0.82,-0.869,1,0.0,both
1997,0.56,1.113,2,0.0,neither
1998,0.68,1.197,3,0.0,neither
1999,0.78,-0.7655,2,0.0,both
2000,0.78,-0.7655,2,0.0,both
2001,0.86,-0.2225,2,0.0,both
2002,0.86,-0.2225,2,0.0,both
2003,0.88,-0.2225,2,0.0,both
2004,0.6,-0.5635,2,0.0,conserved_only
2005,0.6,-0.5635,2,0.0,conserved_only
2006,0.82,0.621,3,0.0,recurrent_only
2007,0.82,0.621,3,0.0,recurrent_only
2008,0.74,0.491,1,0.0,recurrent_only
2009,0.36,-0.112,1,0.0,conserved_only
2010,0.14,0.249,1,0.0,neither
2011,0.12,0.249,1,0.0,neither
2012,0.12,0.249,1,0.0,neither
2013,0.12,0.249,1,0.0,neither
2014,1.0,-0.601,3,0.0,both
2015,0.82,0.27466666666666667,3,0.0,recurrent_only
2016,0.92,-0.7025,2,0.0,both
2017,0.92,-0.7025,2,0.0,both
2018,0.92,0.62,2,0.0,recurrent_only
2019,0.92,0.62,2,0.0,recurrent_only
2020,1.0,-0.526,3,0.0,both
2021,0.88,0.902,3,0.0,recurrent_only
2022,1.0,0.935,2,0.0,recurrent_only
2023,1.0,0.935,2,0.0,recurrent_only
2024,0.76,-0.046,4,0.0,both
2025,0.76,-0.046,4,0.0,both
2026,1.0,-0.053500000000000006,2,0.5,both
2027,0.52,0.7115,2,0.0,neither
2028,0.5,0.438,1,0.0,neither
2029,0.76,0.3055,2,0.0,recurrent_only
2030,0.92,-0.6675,2,0.0,both
2031,0.5,-0.9016666666666667,3,0.0,conserved_only
2032,0.5,-0.9016666666666667,3,0.0,conserved_only
2033,0.46,1.113,2,0.0,neither
2034,0.54,1.113,2,0.0,neither
2035,1.0,-0.45116666666666666,6,0.5,both
2036,1.0,-0.45116666666666666,6,0.5,both
2037,0.92,-0.491,1,0.0,both
2038,0.92,-0.491,1,0.0,both
2039,0.92,0.9225000000000001,2,0.0,recurrent_only
2040,0.88,0.06300000000000006,2,0.0,both
2041,0.88,0.06300000000000006,2,0.0,both
2042,0.88,0.06300000000000006,2,0.0,both
2043,0.94,-0.9935,2,0.5,both
2044,0.98,-0.12,1,1.0,both
2045,0.44,-0.198,1,0.0,conserved_only
2046,0.88,-0.2225,2,0.0,both
2047,0.46,0.25599999999999995,2,0.0,neither
2048,0.46,0.25599999999999995,2,0.0,neither
2049,0.72,-0.6565,2,0.0,both
2050,0.72,-0.6565,2,0.0,both
2051,0.92,-0.019500000000000003,2,0.0,both
2052,0.92,-0.019500000000000003,2,0.0,both
2055,0.82,0.621,3,0.0,recurrent_only
2056,0.82,0.621,3,0.0,recurrent_only
2057,0.82,0.621,3,0.0,recurrent_only
2058,0.82,0.627,2,0.0,recurrent_only
2059,0.76,0.37,2,0.0,recurrent_only
2060,0.28,0.249,1,0.0,neither
2061,1.0,0.1455,2,0.5,both
2062,0.74,0.0665,2,0.0,both
2064,0.92,-0.7025,2,0.0,both
2065,0.92,-0.7025,2,0.0,both
2066,0.32,1.357,1,0.0,neither
2067,0.32,1.357,1,0.0,neither
2068,0.92,0.7853333333333333,3,0.0,recurrent_only
2070,0.68,1.105,1,0.0,neither
2071,0.98,0.6974999999999999,2,0.0,recurrent_only
2072,0.88,-0.859,1,0.0,both
2073,0.88,-0.859,1,0.0,both
2074,0.76,-0.046,4,0.0,both
2075,1.0,1.168,4,0.0,recurrent_only
2076,1.0,-0.053500000000000006,2,0.5,both
2077,1.0,-0.053500000000000006,2,0.5,both
2078,0.74,0.3055,2,0.0,recurrent_only
2079,1.0,0.9546666666666667,3,0.0,recurrent_only
2080,1.0,0.9546666666666667,3,0.0,recurrent_only
2081,0.92,-0.6675,2,0.0,both
2082,0.92,-0.6675,2,0.0,both
2083,0.94,-0.6323333333333333,3,0.3333333333333333,both
2087,0.92,0.9225000000000001,2,0.0,recurrent_only
2088,0.92,0.9225000000000001,2,0.0,recurrent_only
2089,0.88,0.06300000000000006,2,0.0,both
2090,0.88,0.06300000000000006,2,0.0,both
2091,0.44,-0.198,1,0.0,conserved_only
2092,0.76,-0.907,2,0.0,both
2093,0.96,0.5285,2,0.0,recurrent_only
2094,0.64,0.6185,2,0.0,neither
2095,0.58,0.686,2,0.0,neither
2096,0.54,0.686,2,0.0,neither
2097,0.82,0.621,3,0.0,recurrent_only
2098,0.82,0.621,3,0.0,recurrent_only
2099,1.0,0.3526666666666667,3,0.0,recurrent_only
2100,0.76,0.37,2,0.0,recurrent_only
2101,0.76,0.37,2,0.0,recurrent_only
2102,0.32,0.249,1,0.0,neither
2103,1.0,0.1455,2,0.5,both
2104,0.98,-0.20733333333333334,3,0.0,both
2105,1.0,0.935,1,0.0,recurrent_only
2106,1.0,-0.526,3,0.0,both
2107,0.92,0.7853333333333333,3,0.0,recurrent_only
2108,0.92,0.7853333333333333,3,0.0,recurrent_only
2109,0.52,1.105,1,0.0,neither
2110,0.98,0.6974999999999999,2,0.0,recurrent_only
2111,0.86,-0.859,1,0.0,both
2112,1.0,1.168,4,0.0,recurrent_only
2113,0.7,1.197,3,0.0,recurrent_only
2116,0.98,-0.12,1,1.0,both
2117,0.44,-0.198,1,0.0,conserved_only
2118,0.74,0.491,1,0.0,recurrent_only
2119,0.74,0.491,1,0.0,recurrent_only
2120,0.44,0.249,1,0.0,neither
2121,0.44,0.249,1,0.0,neither
2122,0.3,0.249,1,0.0,neither
2123,1.0,0.1455,2,0.5,both
2124,0.36,-0.112,1,0.0,conserved_only
2127,0.12,-0.638,2,0.0,conserved_only
2128,0.92,0.03200000000000003,2,0.0,both
2129,0.92,0.7853333333333333,3,0.0,recurrent_only
2130,0.92,0.7853333333333333,3,0.0,recurrent_only
2133,0.58,1.105,1,0.0,neither
2134,0.66,1.105,1,0.0,neither
2135,0.74,-0.046,4,0.0,both
2136,0.74,-0.046,4,0.0,both
2137,0.72,0.3055,2,0.0,recurrent_only
2138,0.82,0.49425,4,0.0,recurrent_only
2139,0.94,-0.6323333333333333,3,0.3333333333333333,both
2140,0.68,1.197,3,0.0,neither
2141,0.98,-0.12,1,1.0,both
2142,0.88,-0.2225,2,0.0,both
2143,0.86,-0.907,2,0.0,both
2144,0.96,-0.7058,5,0.4,both
2145,0.96,-0.7058,5,0.4,both
2146,0.7,0.318,1,0.0,recurrent_only
2147,0.74,0.491,1,0.0,recurrent_only
2148,0.32,0.249,1,0.0,neither
2149,0.36,-0.112,1,0.0,conserved_only
2150,0.36,-0.112,1,0.0,conserved_only
2151,0.68,-1.445,1,0.0,conserved_only
2152,0.16,-0.17899999999999994,2,0.0,conserved_only
2154,0.82,0.27466666666666667,3,0.0,recurrent_only
2155,0.26,-0.055499999999999994,2,0.0,conserved_only
2156,0.28,-0.055499999999999994,2,0.0,conserved_only
2157,0.14,-1.0385,2,0.0,conserved_only
2158,0.16,-0.638,2,0.0,conserved_only
2159,1.0,-0.526,3,0.0,both
2160,1.0,-0.526,3,0.0,both
2161,0.86,-0.859,1,0.0,both
2162,1.0,1.168,4,0.0,recurrent_only
2163,1.0,1.168,4,0.0,recurrent_only
2164,0.82,-0.869,1,0.0,both
2165,0.98,-0.12,1,1.0,both
2166,0.44,-0.198,1,0.0,conserved_only
2167,0.48,-0.198,1,0.0,conserved_only
2168,0.88,-0.907,2,0.0,both
2169,0.72,0.318,1,0.0,recurrent_only
2170,0.7,0.318,1,0.0,recurrent_only
2171,0.32,0.249,1,0.0,neither
2172,0.32,0.249,1,0.0,neither
2173,0.86,0.0685,2,0.0,both
2174,1.0,0.935,1,0.0,recurrent_only
2175,0.92,0.03200000000000003,2,0.0,both
2176,1.0,-0.526,3,0.0,both
2177,0.92,0.7853333333333333,3,0.0,recurrent_only
2178,0.92,0.7853333333333333,3,0.0,recurrent_only
2179,0.52,1.105,1,0.0,neither
2180,0.52,1.105,1,0.0,neither
2181,0.86,0.902,3,0.0,recurrent_only
2182,0.86,-0.859,1,0.0,both
2183,0.86,-0.859,1,0.0,both
2184,0.72,0.3055,2,0.0,recurrent_only
2185,0.94,-0.6323333333333333,3,0.3333333333333333,both
2186,0.82,-0.869,1,0.0,both
2187,0.82,-0.869,1,0.0,both
2188,0.68,1.197,3,0.0,neither
2189,0.98,-0.12,1,1.0,both
2190,0.98,-0.12,1,1.0,both
2191,0.88,-0.2225,2,0.0,both
2192,0.86,-0.907,2,0.0,both
2193,0.7,0.318,1,0.0,recurrent_only
2194,0.7,0.318,1,0.0,recurrent_only
2195,0.68,0.318,1,0.0,neither
2196,0.82,0.627,2,0.0,recurrent_only
2197,0.22,-0.17899999999999994,2,0.0,conserved_only
2200,0.82,0.27466666666666667,3,0.0,recurrent_only
2201,0.82,0.27466666666666667,3,0.0,recurrent_only
2202,0.92,0.03200000000000003,2,0.0,both
2203,1.0,-0.526,3,0.0,both
2204,0.68,1.105,1,0.0,neither
2205,0.72,0.3055,2,0.0,recurrent_only
2206,0.82,0.49425,4,0.0,recurrent_only
2207,0.68,1.197,3,0.0,neither
2208,0.68,1.197,3,0.0,neither
2209,0.94,-0.9935,2,0.5,both
2210,0.94,-0.9935,2,0.5,both
2211,0.94,-0.9935,2,0.5,both
2212,0.94,-0.9935,2,0.5,both
2213,0.88,-0.2225,2,0.0,both
2214,0.88,-0.2225,2,0.0,both
2215,0.8,-0.907,2,0.0,both
2216,0.76,-0.907,2,0.0,both
2217,0.92,0.14233333333333337,3,0.0,both
2218,1.0,0.3526666666666667,3,0.0,recurrent_only
2219,0.82,0.627,2,0.0,recurrent_only
2220,0.74,0.491,1,0.0,recurrent_only
2221,0.52,0.249,1,0.0,neither
2222,0.74,0.0665,2,0.0,both
2223,0.66,-1.445,1,0.0,conserved_only
2225,1.0,-0.526,3,0.0,both
2226,0.66,1.105,1,0.0,neither
2227,0.98,0.6974999999999999,2,0.0,recurrent_only
2228,0.98,0.6974999999999999,2,0.0,recurrent_only
2229,0.86,0.902,3,0.0,recurrent_only
2230,0.86,0.902,3,0.0,recurrent_only
2231,0.88,-0.859,1,0.0,both
2232,0.88,-0.859,1,0.0,both
2233,0.8,0.598,3,0.0,recurrent_only
2234,0.8,0.49425,4,0.0,recurrent_only
2235,0.94,-0.6323333333333333,3,0.3333333333333333,both
2236,0.94,-0.6323333333333333,3,0.3333333333333333,both
2237,0.94,-0.6323333333333333,3,0.3333333333333333,both
2238,0.96,0.5285,2,0.0,recurrent_only
2239,1.0,0.3526666666666667,3,0.0,recurrent_only
2240,0.82,0.627,2,0.0,recurrent_only
2241,0.74,0.491,1,0.0,recurrent_only
2242,1.0,0.1455,2,0.5,both
2243,0.52,0.249,1,0.0,neither
2244,0.86,0.0685,2,0.0,both
2245,0.26,-0.17899999999999994,2,0.0,conserved_only
2246,0.26,-0.17899999999999994,2,0.0,conserved_only
2249,1.0,-0.601,3,0.0,both
2250,0.98,0.6974999999999999,2,0.0,recurrent_only
2251,0.88,-0.859,1,0.0,both
2252,0.88,-0.859,1,0.0,both
2253,0.94,-0.6323333333333333,3,0.3333333333333333,both
2254,0.64,0.6185,2,0.0,neither
2255,0.92,0.14233333333333337,3,0.0,both
2256,0.82,0.627,2,0.0,recurrent_only
2257,0.76,0.37,2,0.0,recurrent_only
2258,0.52,0.249,1,0.0,neither
2259,0.74,0.0665,2,0.0,both
2260,0.86,0.0685,2,0.0,both
2261,1.0,-0.601,3,0.0,both
2262,0.92,-0.7025,2,0.0,both
2263,0.92,0.03200000000000003,2,0.0,both
2264,0.94,0.03200000000000003,2,0.0,both
2265,0.7,1.105,1,0.0,recurrent_only
2266,0.68,1.105,1,0.0,neither
2267,0.68,1.105,1,0.0,neither
2268,0.66,1.105,1,0.0,neither
2269,0.98,0.6974999999999999,2,0.0,recurrent_only
2270,0.98,0.6974999999999999,2,0.0,recurrent_only
2271,0.98,0.6974999999999999,2,0.0,recurrent_only
2272,0.98,0.6974999999999999,2,0.0,recurrent_only
2273,0.94,-0.6323333333333333,3,0.3333333333333333,both
2274,0.66,0.318,1,0.0,neither
2275,0.82,0.627,2,0.0,recurrent_only
2276,0.74,0.0665,2,0.0,both
2277,0.74,0.0665,2,0.0,both
2278,0.74,0.0665,2,0.0,both
2279,0.66,-1.445,1,0.0,conserved_only
2281,1.0,-0.526,3,0.0,both
2282,0.72,0.3055,2,0.0,recurrent_only
2283,0.72,0.3055,2,0.0,recurrent_only
2284,0.94,-0.6323333333333333,3,0.3333333333333333,both
2285,0.94,-0.6323333333333333,3,0.3333333333333333,both
2286,0.68,0.318,1,0.0,neither
2287,0.64,0.6185,2,0.0,neither
2288,0.92,0.14233333333333337,3,0.0,both
2289,1.0,0.3526666666666667,3,0.0,recurrent_only
2290,0.82,0.627,2,0.0,recurrent_only
2291,0.82,0.627,2,0.0,recurrent_only
2292,0.76,0.37,2,0.0,recurrent_only
2293,1.0,0.1455,2,0.5,both
2294,1.0,0.935,1,0.0,recurrent_only
2295,0.92,-0.7025,2,0.0,both
2296,0.92,0.03200000000000003,2,0.0,both
2297,0.92,0.03200000000000003,2,0.0,both
2298,0.68,0.318,1,0.0,neither
2299,0.68,0.318,1,0.0,neither
2300,0.64,0.6185,2,0.0,neither
2301,0.92,0.14233333333333337,3,0.0,both
2302,1.0,0.3526666666666667,3,0.0,recurrent_only
2303,1.0,0.3526666666666667,3,0.0,recurrent_only
2304,1.0,0.1455,2,0.5,both
2305,0.74,0.0665,2,0.0,both
2306,0.66,-1.445,1,0.0,conserved_only
2307,1.0,0.935,1,0.0,recurrent_only
2308,1.0,-0.526,3,0.0,both
2309,1.0,-0.526,3,0.0,both
2310,0.86,0.902,3,0.0,recurrent_only
2311,1.0,0.3526666666666667,3,0.0,recurrent_only
2312,1.0,0.1455,2,0.5,both
2313,0.52,0.249,1,0.0,neither
2314,0.52,0.249,1,0.0,neither
2315,0.74,0.0665,2,0.0,both
2316,0.74,0.0665,2,0.0,both
2317,1.0,0.935,1,0.0,recurrent_only
2318,0.92,-0.7025,2,0.0,both
2319,0.86,0.902,3,0.0,recurrent_only
2320,0.98,0.5285,2,0.0,recurrent_only
2321,0.64,0.6185,2,0.0,neither
2322,0.92,0.14233333333333337,3,0.0,both
2323,1.0,0.3526666666666667,3,0.0,recurrent_only
2324,1.0,0.3526666666666667,3,0.0,recurrent_only
2325,0.74,0.491,1,0.0,recurrent_only
2326,0.66,-1.445,1,0.0,conserved_only
2327,1.0,0.935,1,0.0,recurrent_only
2328,0.92,-0.7025,2,0.0,both
2329,0.92,0.14233333333333337,3,0.0,both
2330,0.74,0.491,1,0.0,recurrent_only
2335,1.0,0.935,1,0.0,recurrent_only
2336,0.92,0.03200000000000003,2,0.0,both
2337,0.86,0.902,3,0.0,recurrent_only
2338,0.64,0.6185,2,0.0,neither
2339,0.64,0.6185,2,0.0,neither
2340,0.92,0.14233333333333337,3,0.0,both
2341,0.74,0.491,1,0.0,recurrent_only
2342,0.76,0.37,2,0.0,recurrent_only
2343,0.66,-1.445,1,0.0,conserved_only
2344,1.0,0.935,1,0.0,recurrent_only
2345,0.92,-0.7025,2,0.0,both
2346,0.86,0.902,3,0.0,recurrent_only
2347,0.86,0.902,3,0.0,recurrent_only
2348,0.98,0.5285,2,0.0,recurrent_only
2349,0.98,0.5285,2,0.0,recurrent_only
2350,0.92,0.14233333333333337,3,0.0,both
2351,0.92,0.14233333333333337,3,0.0,both
2352,1.0,0.1455,2,0.5,both
2353,1.0,-0.601,3,0.0,both
2354,0.92,-0.7025,2,0.0,both
2355,0.92,-0.7025,2,0.0,both
2356,0.98,0.5285,2,0.0,recurrent_only
2357,0.74,0.491,1,0.0,recurrent_only
2358,0.74,0.491,1,0.0,recurrent_only
2359,0.66,-1.445,1,0.0,conserved_only
2360,0.66,-1.445,1,0.0,conserved_only
2361,0.98,0.5285,2,0.0,recurrent_only
2362,0.76,0.37,2,0.0,recurrent_only
2363,0.76,0.37,2,0.0,recurrent_only
2364,1.0,0.1455,2,0.5,both
2365,0.86,0.0685,2,0.0,both
2366,0.86,0.0685,2,0.0,both
2367,1.0,-0.601,3,0.0,both
2368,0.92,0.03200000000000003,2,0.0,both
2369,1.0,0.1455,2,0.5,both
2370,0.86,0.0685,2,0.0,both
2371,0.96,0.5285,2,0.0,recurrent_only
2372,0.86,0.0685,2,0.0,both
2373,1.0,0.935,1,0.0,recurrent_only
2374,0.92,0.03200000000000003,2,0.0,both
2375,1.0,0.1455,2,0.5,both
2376,1.0,0.1455,2,0.5,both
2377,1.0,-0.601,3,0.0,both
2378,1.0,-0.601,3,0.0,both
2379,0.92,0.03200000000000003,2,0.0,both
2380,0.92,0.03200000000000003,2,0.0,both
2381,0.98,0.5285,2,0.0,recurrent_only
2382,0.98,0.5285,2,0.0,recurrent_only
2383,0.98,0.5285,2,0.0,recurrent_only
2384,0.86,0.0685,2,0.0,both
2385,0.86,0.0685,2,0.0,both
2386,1.0,0.935,1,0.0,recurrent_only
2387,1.0,0.935,1,0.0,recurrent_only
2388,1.0,-0.601,3,0.0,both
2389,1.0,-0.601,3,0.0,both
