pdb_id,chain,identity,n_protein_atoms,n_waters,n_shared,rmsd,status,note
1AAX,A,1.0,2473,233,297,0.0,ok,
1C83,A,0.99,2445,239,297,0.363,ok,
1C88,A,0.99,2444,216,297,0.34,ok,
1ECV,A,0.99,2483,239,297,0.312,ok,
1EEN,A,1.0,2451,296,297,0.508,ok,
1EEO,A,1.0,2427,224,297,0.554,ok,
1G1F,A,0.997,2418,246,297,0.505,ok,
1G7F,A,0.993,2465,454,297,0.854,ok,
1OEM,X,0.939,2289,180,280,1.237,ok,
1PA1,,0.0,0,0,0,,"identity 0.00 by residue number, below 0.80",
1PTY,A,1.0,2472,263,297,0.187,ok,
1SUG,A,0.997,2469,251,297,0.288,ok,
1T49,A,0.943,2342,235,281,1.042,ok,
2AZR,A,0.997,2443,215,297,0.17,ok,
2BGE,A,0.993,2438,371,296,0.225,ok,
2CM2,A,0.943,2357,340,281,1.082,ok,
2CMB,A,0.936,2424,267,279,1.137,ok,
2CNE,A,0.936,2425,240,279,1.126,ok,
2CNG,A,0.993,2467,253,296,0.411,ok,
2CNH,A,0.993,2461,275,296,0.56,ok,
2CNI,A,0.997,2491,302,297,0.569,ok,
2F6F,A,0.993,2499,251,297,1.65,ok,
2F6T,A,0.997,2603,366,297,0.287,ok,
2F6V,A,0.997,2594,261,297,0.293,ok,
2F6Z,A,0.997,2578,341,297,0.289,ok,
2F71,A,0.997,2633,347,297,0.289,ok,
2HB1,A,0.997,2440,171,297,0.178,ok,
2VEV,A,0.997,2490,351,297,0.583,ok,
2VEW,A,0.993,2459,295,296,0.544,ok,
3A5K,A,0.939,2300,197,281,1.212,ok,
3CWE,,0.0,0,0,0,,"identity 0.00 by residue number, below 0.80",
3EAX,A,0.946,2344,90,282,0.97,ok,
3SME,A,0.943,2266,170,281,1.237,ok,
4QAP,A,0.993,2530,129,297,0.716,ok,
4QBW,A,0.997,2600,130,297,0.719,ok,
4Y14,A,0.983,2405,287,293,0.507,ok,
4ZRT,A,1.0,2405,271,297,0.622,ok,
5K9V,A,0.936,2283,213,279,1.058,ok,
5KA0,A,0.939,2302,213,280,1.07,ok,
5KA1,A,0.943,2359,200,281,0.743,ok,
5KA8,A,0.946,2343,201,283,1.284,ok,
5KAA,A,0.936,2314,206,280,1.141,ok,
5KAB,A,0.939,2326,161,281,1.099,ok,
5KAC,A,0.933,2261,202,279,1.088,ok,
5KAD,A,0.936,2340,173,280,0.933,ok,
5QDE,A,0.936,10689,270,281,1.006,ok,
5QDF,A,0.939,12468,289,282,1.043,ok,
5QDG,A,0.936,15801,277,281,1.004,ok,
5QDH,A,0.943,11534,294,283,1.103,ok,
5QDI,A,0.936,15755,261,281,1.0,ok,
5QDJ,A,0.936,12839,296,281,0.996,ok,
5QDK,A,0.943,14712,305,283,1.098,ok,
5QDL,A,0.936,10805,227,281,0.997,ok,
5QDN,A,0.936,10405,213,281,0.991,ok,
5QDO,A,0.943,16952,215,283,0.991,ok,
5QDP,A,0.936,11637,264,281,1.002,ok,
5QDQ,A,0.939,15798,250,282,1.025,ok,
5QDR,A,0.943,17682,260,283,1.001,ok,
5QDS,A,0.936,15408,254,281,1.005,ok,
5QDT,A,0.939,17764,235,282,1.054,ok,
5QDU,A,0.936,12680,283,281,1.003,ok,
5QDV,A,0.936,17494,231,281,1.008,ok,
5QDY,A,0.943,18124,206,283,0.999,ok,
5QE0,A,0.976,17765,176,293,0.963,ok,
5QE1,A,0.936,13634,295,281,1.011,ok,
5QE2,A,0.943,18410,237,283,1.066,ok,
5QE3,A,0.936,17392,250,281,1.005,ok,
5QE4,A,0.936,15113,253,281,1.005,ok,
5QE5,A,0.936,16663,267,281,1.006,ok,
5QE6,A,0.936,10792,228,281,0.988,ok,
5QE7,A,0.943,14721,222,283,0.978,ok,
5QE8,A,0.936,15790,228,281,1.004,ok,
5QE9,A,0.939,10721,281,282,1.054,ok,
5QEA,A,0.943,17860,256,283,1.0,ok,
5QEB,A,0.939,16127,260,282,1.063,ok,
5QEC,A,0.943,16371,275,283,1.128,ok,
5QED,A,0.936,14159,272,281,1.011,ok,
5QEE,A,0.973,11280,131,292,0.96,ok,
5QEF,A,0.943,13560,319,283,1.117,ok,
5QEG,A,0.936,17028,202,281,0.988,ok,
5QEH,A,0.943,10535,220,283,0.995,ok,
5QEI,A,0.943,11006,262,283,0.996,ok,
5QEJ,A,0.943,17595,217,283,1.003,ok,
5QEK,A,0.936,17127,226,281,1.001,ok,
5QEL,A,0.97,14706,280,291,1.546,ok,
5QEM,A,0.943,15286,255,283,0.991,ok,
5QEN,A,0.936,16640,262,281,1.008,ok,
5QEO,A,0.939,16565,267,282,1.049,ok,
5QEP,A,0.943,17028,224,283,1.002,ok,
5QEQ,A,0.939,17504,181,282,1.035,ok,
5QER,A,0.99,11327,192,297,0.966,ok,
5QES,A,0.936,13682,248,281,1.002,ok,
5QET,A,0.936,14793,258,281,1.0,ok,
5QEU,A,0.936,18123,245,281,1.007,ok,
5QEV,A,0.936,16295,207,281,0.991,ok,
5QEW,A,0.99,12588,183,297,0.942,ok,
5QEX,A,0.936,16019,294,281,1.004,ok,
5QEY,A,0.936,10313,258,281,1.005,ok,
5QEZ,A,0.936,12210,783,281,0.99,ok,
5QF0,A,0.943,15994,273,283,1.109,ok,
5QF1,A,0.936,17630,216,281,1.008,ok,
5QF2,A,0.936,16268,268,281,1.015,ok,
5QF3,A,0.936,13622,266,281,1.005,ok,
5QF4,A,0.943,10987,208,283,0.996,ok,
5QF5,A,0.943,11037,234,283,0.997,ok,
5QF6,A,0.943,14160,243,283,0.995,ok,
5QF7,A,0.936,10077,257,281,0.994,ok,
5QF8,A,0.936,18450,164,281,1.007,ok,
5QF9,A,0.936,13048,262,281,0.999,ok,
5QFA,A,0.936,13716,270,281,1.015,ok,
5QFB,A,0.936,16569,224,281,0.999,ok,
5QFC,A,0.939,16811,233,282,1.044,ok,
5QFD,A,0.939,14036,283,282,1.0,ok,
5QFE,A,0.936,14942,281,281,0.998,ok,
5QFF,A,0.936,14149,289,281,1.004,ok,
5QFG,A,0.943,11604,301,283,0.996,ok,
5QFH,A,0.936,17025,278,281,0.996,ok,
5QFI,A,0.943,13941,275,283,0.99,ok,
5QFJ,A,0.936,11923,795,281,0.993,ok,
5QFK,A,0.936,17165,250,281,0.999,ok,
5QFL,A,0.939,14814,234,282,1.05,ok,
5QFM,A,0.936,17430,233,281,1.004,ok,
5QFN,A,0.936,15308,283,281,1.011,ok,
5QFO,A,0.939,16427,227,282,1.06,ok,
5QFP,A,0.939,18221,191,282,1.032,ok,
5QFQ,A,0.943,12424,270,283,0.993,ok,
5QFR,A,0.943,16939,244,283,1.111,ok,
5QFS,A,0.936,18279,181,281,1.011,ok,
5QFT,A,0.936,10782,157,281,1.005,ok,
5QFU,A,0.943,14268,271,283,0.999,ok,
5QFV,A,0.939,16928,246,282,0.993,ok,
5QFW,A,0.936,13743,233,281,0.999,ok,
5QFX,A,0.936,11209,182,281,0.989,ok,
5QFY,A,0.943,15374,247,283,1.003,ok,
5QFZ,A,0.936,14943,253,281,1.004,ok,
5QG0,A,0.936,15792,245,281,1.003,ok,
5QG3,A,0.936,12213,318,281,1.006,ok,
5QG4,A,0.943,17567,254,283,0.987,ok,
5QG6,A,0.936,14123,275,281,0.996,ok,
5QG7,A,0.936,13980,260,281,0.998,ok,
5QG8,A,0.936,11577,282,281,1.009,ok,
5QG9,A,0.943,16791,252,283,0.998,ok,
5QGA,A,0.939,16743,264,282,0.993,ok,
5QGB,A,0.936,15601,286,281,1.0,ok,
5QGC,A,0.936,12049,300,281,1.01,ok,
5QGD,A,0.943,10343,263,283,0.998,ok,
5QGE,A,0.939,15693,258,282,1.042,ok,
5QGF,A,0.946,17207,329,284,1.284,ok,
6B8E,A,0.99,5422,294,297,0.244,ok,
6B8T,A,0.99,5696,240,297,0.394,ok,
6B8X,A,0.99,5906,225,297,0.456,ok,
6B8Z,A,0.949,4938,167,285,1.209,ok,
6B90,A,0.997,5337,294,297,0.262,ok,
6B95,A,0.943,4767,135,284,0.958,ok,
6BAI,A,0.936,4778,109,282,1.034,ok,
6CWV,A,0.939,2356,216,281,0.957,ok,
6NTP,A,0.943,2352,223,281,1.031,ok,
6XE8,A,0.976,2419,142,296,0.312,ok,
6XEA,A,0.98,2463,213,297,0.235,ok,
6XED,A,0.976,2453,290,296,0.268,ok,
7FQM,A,0.936,4919,179,281,0.949,ok,
7FQO,A,0.936,4929,177,281,0.938,ok,
7FQP,A,0.936,4917,178,281,0.93,ok,
7FQQ,A,0.936,4926,176,281,0.928,ok,
7FQR,A,0.936,4989,174,281,0.813,ok,
7FQU,A,0.99,5120,172,297,0.466,ok,
7FRE,A,0.936,2450,180,281,0.953,ok,
7FRG,A,0.936,4935,179,281,1.017,ok,
7FRH,A,0.936,4910,178,281,0.943,ok,
7FRI,A,0.936,4904,179,281,0.956,ok,
7FRJ,A,0.936,4911,181,281,0.986,ok,
7FRK,A,0.936,4881,177,281,0.936,ok,
7FRL,A,0.936,4899,180,281,0.944,ok,
7FRM,A,0.936,4892,176,281,0.952,ok,
7FRN,A,0.936,4917,177,281,0.944,ok,
7FRO,A,0.936,4907,177,281,0.944,ok,
7FRP,A,0.936,4875,176,281,0.998,ok,
7FRR,A,0.99,5095,166,297,0.476,ok,
7FRS,A,0.936,2450,180,281,0.933,ok,
7FRT,A,0.936,2450,180,281,0.932,ok,
7FRU,A,0.936,2450,180,281,0.939,ok,
7GS7,A,0.936,4650,247,281,1.091,ok,
7GS8,A,0.926,4844,239,278,0.976,ok,
7GS9,A,0.926,4591,246,278,0.966,ok,
7GSC,A,0.943,4673,240,283,1.03,ok,
7GSD,A,0.933,4625,245,280,0.975,ok,
7GSE,A,0.943,4672,246,283,0.994,ok,
7GSF,A,0.943,4673,242,283,1.053,ok,
7GSG,A,0.943,4664,239,283,0.949,ok,
7GSH,A,0.943,4677,235,283,1.121,ok,
7GSI,A,0.943,4695,234,283,1.192,ok,
7GSJ,A,0.936,4656,243,281,1.07,ok,
7GSK,A,0.943,4677,244,283,1.17,ok,
7GSN,A,0.943,4665,248,283,1.101,ok,
7GSQ,A,0.936,4861,244,281,1.026,ok,
7GSU,A,0.939,4689,236,282,1.088,ok,
7GSX,A,0.943,4681,242,283,0.986,ok,
7GSZ,A,0.929,4611,245,279,0.974,ok,
7GT2,A,0.943,4659,240,283,0.952,ok,
7GT8,A,0.936,4636,243,281,1.03,ok,
7GTB,A,0.943,4659,246,283,0.994,ok,
7GTC,A,0.943,4707,226,283,1.131,ok,
7GTF,A,0.943,4656,237,283,0.959,ok,
7GTJ,A,0.943,4670,242,283,0.957,ok,
7GTR,A,0.943,4673,242,283,1.165,ok,
7GTS,A,0.943,4667,222,283,0.479,ok,
7GTV,A,0.943,4667,231,283,0.695,ok,
7GTW,A,0.936,4818,323,281,1.023,ok,
7GTX,A,0.943,4633,297,283,0.954,ok,
7GTY,A,0.943,4633,291,283,0.968,ok,
7GTZ,A,0.943,4633,238,283,0.91,ok,
7GU0,A,0.943,4633,293,283,0.988,ok,
7GU1,A,0.943,4633,311,283,0.978,ok,
7GU2,A,0.943,4633,230,283,0.988,ok,
7GU3,A,0.943,4633,234,283,0.966,ok,
7GU4,A,0.943,4633,293,283,0.949,ok,
7GU5,A,0.943,4633,287,283,0.962,ok,
7GU6,A,0.943,4633,280,283,0.954,ok,
7GU7,A,0.943,4633,210,283,0.936,ok,
7GU8,A,0.943,4633,284,283,0.943,ok,
7GU9,A,0.943,4633,287,283,0.969,ok,
7GUA,A,0.943,4633,272,283,0.963,ok,
7GUB,A,0.943,4633,140,283,0.994,ok,
7GUC,A,0.943,4633,239,283,0.977,ok,
7KEN,A,0.993,2633,184,297,0.433,ok,
7KEY,A,0.936,2361,134,279,1.004,ok,
7KLX,A,0.933,2335,117,278,1.049,ok,
7L0C,A,0.993,2390,278,297,0.235,ok,
7LFO,A,0.946,2309,146,282,0.974,ok,
7MKZ,A,0.936,2350,277,280,1.04,ok,
7MM1,A,0.99,5244,159,297,0.356,ok,
7MN7,A,0.993,2540,252,297,0.295,ok,
7MN9,A,0.929,2365,356,279,1.038,ok,
7MNA,A,0.929,2293,210,279,0.806,ok,
7MNC,A,0.929,2228,102,278,1.045,ok,
7MNE,A,0.933,2345,177,279,1.047,ok,
7MNF,A,0.933,2299,241,279,1.07,ok,
7MOU,A,0.926,2390,228,279,1.127,ok,
7MOV,A,0.929,2337,276,279,0.943,ok,
7MOW,A,0.993,2520,259,297,0.295,ok,
7RIN,A,0.99,5700,160,297,0.473,ok,
7S4F,A,0.993,2477,315,297,0.214,ok,
8EXI,A,0.983,2437,160,297,0.242,ok,
8G65,A,0.997,2514,334,297,3.106,ok,
8G67,A,0.949,2436,253,283,2.359,ok,
8G68,A,0.96,2378,105,286,2.826,ok,
8G69,A,0.997,2496,171,297,3.118,ok,
8G6A,B,0.96,2397,214,286,1.827,ok,
8SKL,A,0.997,2485,231,297,0.258,ok,
8U1E,B,0.949,5053,234,283,1.215,ok,
8XOY,A,1.0,2552,407,297,0.204,ok,
9C66,,0.02,0,0,0,,"identity 0.02 by residue number, below 0.80",
9CYO,A,0.946,4736,104,283,0.91,ok,
9CYP,A,0.946,4731,94,284,0.915,ok,
9CYR,A,0.946,4814,140,284,0.949,ok,
9LIC,A,0.943,2296,92,281,1.005,ok,
